experiment_id,timestamp,config_name,prompt,system_prompt,response,model,model_id,config_weighting,config_prompting,prompt_id,weighted_words_enabled,weight_factor,enable_thinking,temperature,response_time_seconds,flesch_kincaid_grade,gunning_fog,smog_index,automated_readability_index,coleman_liau_index,dale_chall_readability_score,flesch_reading_ease,linsear_write_formula,spache_readability,mcalpine_eflaw,sentence_count,word_count,character_count,syllable_count,polysyllable_count,monosyllable_count,difficult_words,reading_time_seconds,reading_time_minutes,cleaned_response,response_appropriateness,vocabulary_level,notes
893d38a5-2338-4117-a19a-e35ea494e6e0,2025-10-05T19:11:57.414740,Qwen2_control,What does the word 'library' mean?,You are a helpful English teacher for beginner students. Answer with a paragraph only with plain text,"The word 'library' generally refers to a collection of books and other materials for borrowing and reading, often in a structured format and organized by subject. It's a place where the public can access a wide range of knowledge, including various genres of literature, non-fiction, and informational books, as well as magazines, newspapers, and other media. Libraries are typically located in libraries and are open to the public, providing a space for individuals to learn, read, and engage in various forms of intellectual pursuits.",Qwen2,Qwen/Qwen2.5-0.5B-Instruct-GGUF,False,False,P1,False,2.0,False,0.7,0.8453800678253174,16.82,21.2,18.6,17.97,13.25,11.23,24.32,21.33,7.76,39.33,3,84,453,153,22,46,28,6.65,0.11,"The word 'library' generally refers to a collection of books and other materials for borrowing and reading, often in a structured format and organized by subject. It's a place where the public can access a wide range of knowledge, including various genres of literature, non-fiction, and informational books, as well as magazines, newspapers, and other media. Libraries are typically located in libraries and are open to the public, providing a space for individuals to learn, read, and engage in various forms of intellectual pursuits.",,,
cad4a590-c233-4943-b3af-2d5e6bba2881,2025-10-05T19:11:58.202225,Qwen2_weighted,What does the word 'library' mean?,You are a helpful English teacher for beginner students. Answer with a paragraph only with plain text,"The word 'library' generally refers to a collection of books, journals, and other reading materials, often housed in a structured facility. It is a place for learning, reading, and research, providing access to a vast array of knowledge. Libraries are typically used by students, teachers, and adults to study, research, and access information, making them a vital resource for education and personal growth. Libraries also serve as a social gathering place, where community members can meet, discuss, and share books, literature, and other resources.",Qwen2,Qwen/Qwen2.5-0.5B-Instruct-GGUF,True,False,P1,True,2.0,False,0.7,0.7860901355743408,13.53,15.54,14.55,15.31,13.59,11.82,35.46,14.5,7.18,28.0,4,84,468,149,16,42,30,6.87,0.11,"The word 'library' generally refers to a collection of books, journals, and other reading materials, often housed in a structured facility. It is a place for learning, reading, and research, providing access to a vast array of knowledge. Libraries are typically used by students, teachers, and adults to study, research, and access information, making them a vital resource for education and personal growth. Libraries also serve as a social gathering place, where community members can meet, discuss, and share books, literature, and other resources.",,,
1449c8f7-e48e-4e1a-ab95-756c9764f939,2025-10-05T19:11:58.657464,Qwen2_prompted,What does the word 'library' mean?,You are a helpful English teacher for beginner students. Answer with a paragraph only with plain text,"The word 'library' means a place where books are kept and used, often with a variety of materials including magazines, newspapers, and reference books. Libraries are a source of information and a place to learn new things.",Qwen2,Qwen/Qwen2.5-0.5B-Instruct-GGUF,False,True,P1,False,2.0,False,0.7,0.4540979862213135,10.44,16.05,15.25,11.5,10.66,9.68,53.15,13.75,5.31,25.5,2,37,186,59,9,27,8,2.73,0.05,"The word 'library' means a place where books are kept and used, often with a variety of materials including magazines, newspapers, and reference books. Libraries are a source of information and a place to learn new things.",,,
2a4653f4-765a-4dff-8187-6bb1459b257f,2025-10-05T19:11:59.140679,Qwen2_weighted_prompted,What does the word 'library' mean?,You are a helpful English teacher for beginner students. Answer with a paragraph only with plain text,"The word 'library' means a collection of books, records, and other materials that are organized and maintained for reference and study. It's a place where people can find information, read books, and study different subjects. Libraries are often found in schools, libraries, and even homes where people can borrow books from them.",Qwen2,Qwen/Qwen2.5-0.5B-Instruct-GGUF,True,True,P1,True,2.0,False,0.7,0.4820518493652344,10.0,12.32,13.02,12.51,12.27,9.05,54.21,11.67,4.94,22.67,3,52,279,83,9,32,10,4.1,0.07,"The word 'library' means a collection of books, records, and other materials that are organized and maintained for reference and study. It's a place where people can find information, read books, and study different subjects. Libraries are often found in schools, libraries, and even homes where people can borrow books from them.",,,
28e8a2a6-203b-4d55-a331-8868ee66c5ea,2025-10-05T19:11:59.787925,Qwen2_control,How do I introduce myself in English?,You are a helpful English teacher for beginner students. Answer with a paragraph only with plain text,"To introduce yourself in English, start by greeting someone you meet, and then introduce yourself briefly to show your identity. This can be done by stating your name and perhaps mentioning an institution or profession. It’s also a good practice to share personal information such as your hobbies, interests, or accomplishments. Building a connection with someone you meet can be a fun and rewarding experience. Remember, the goal is to make a good impression and connect with the other person.",Qwen2,Qwen/Qwen2.5-0.5B-Instruct-GGUF,False,False,P2,False,2.0,False,0.7,0.6456141471862793,9.82,12.9,12.69,11.0,11.64,8.18,53.12,10.8,5.14,22.0,5,80,415,130,14,49,18,6.1,0.1,"To introduce yourself in English, start by greeting someone you meet, and then introduce yourself briefly to show your identity. This can be done by stating your name and perhaps mentioning an institution or profession. It’s also a good practice to share personal information such as your hobbies, interests, or accomplishments. Building a connection with someone you meet can be a fun and rewarding experience. Remember, the goal is to make a good impression and connect with the other person.",,,
c30b6a8d-5699-4cb4-bd52-7ae37fac5d1e,2025-10-05T19:12:00.601675,Qwen2_weighted,How do I introduce myself in English?,You are a helpful English teacher for beginner students. Answer with a paragraph only with plain text,"To introduce yourself in English, you should start by greeting your audience. Typically, the first part of the greeting should be your name, followed by a personal greeting, such as ""Hello, everyone."" This sets the tone for a friendly, personal interaction. In the second part, you can introduce yourself, including your name, to your audience. Finally, end with a personal greeting. This is a standard, appropriate, and polite way to start and end a conversation or introduction. Remember, the key is to be clear, concise, and natural.",Qwen2,Qwen/Qwen2.5-0.5B-Instruct-GGUF,True,False,P2,True,2.0,False,0.7,0.8122851848602295,8.11,11.41,12.03,9.15,10.22,8.25,59.05,7.64,4.67,17.57,7,87,450,139,17,56,14,6.61,0.11,"To introduce yourself in English, you should start by greeting your audience. Typically, the first part of the greeting should be your name, followed by a personal greeting, such as ""Hello, everyone."" This sets the tone for a friendly, personal interaction. In the second part, you can introduce yourself, including your name, to your audience. Finally, end with a personal greeting. This is a standard, appropriate, and polite way to start and end a conversation or introduction. Remember, the key is to be clear, concise, and natural.",,,
5e10763f-9fbd-4cd5-88d8-3a9e5f39fc83,2025-10-05T19:12:01.717804,Qwen2_prompted,How do I introduce myself in English?,You are a helpful English teacher for beginner students. Answer with a paragraph only with plain text,"To introduce yourself in English, you can start with a simple greeting like ""Hello"" or ""Good morning"". You then introduce yourself by your name, such as ""Hello, my name is [name]"" or ""Hi, my name is [name]"". You can then introduce yourself to others by their name, such as ""Hello, [name]"". You can use ""I am"" or ""I'm"" to introduce yourself to others. For example, ""I am [name]"". Finally, you can ask for someone's name by saying ""What's your name?"" or ""Who's your name?"". You can also use ""Hello, [name]"" or ""Hello, [name]"" to greet someone in English.",Qwen2,Qwen/Qwen2.5-0.5B-Instruct-GGUF,False,True,P2,False,2.0,False,0.7,1.1147527694702148,4.84,6.94,8.08,6.56,5.22,6.18,82.18,5.88,3.44,17.75,8,98,455,130,6,72,6,6.68,0.11,"To introduce yourself in English, you can start with a simple greeting like ""Hello"" or ""Good morning"". You then introduce yourself by your name, such as ""Hello, my name is [name]"" or ""Hi, my name is [name]"". You can then introduce yourself to others by their name, such as ""Hello, [name]"". You can use ""I am"" or ""I'm"" to introduce yourself to others. For example, ""I am [name]"". Finally, you can ask for someone's name by saying ""What's your name?"" or ""Who's your name?"". You can also use ""Hello, [name]"" or ""Hello, [name]"" to greet someone in English.",,,
fbb2e808-4abc-47b0-9f90-5d45bcbbc07c,2025-10-05T19:12:01.976530,Qwen2_weighted_prompted,How do I introduce myself in English?,You are a helpful English teacher for beginner students. Answer with a paragraph only with plain text,"To introduce yourself in English, you can say, ""Hello, my name is [your name]."" This is a simple way to start a conversation or introduce yourself.",Qwen2,Qwen/Qwen2.5-0.5B-Instruct-GGUF,True,True,P2,True,2.0,False,0.7,0.2577049732208252,6.73,9.82,10.13,7.17,7.13,6.1,69.99,7.0,3.66,19.5,2,26,122,38,3,18,2,1.79,0.03,"To introduce yourself in English, you can say, ""Hello, my name is [your name]."" This is a simple way to start a conversation or introduce yourself.",,,
4f4cac87-443c-40a6-9900-f727e81b5bf3,2025-10-05T19:12:02.819342,Qwen2_control,What is a dog?,You are a helpful English teacher for beginner students. Answer with a paragraph only with plain text,"A dog is a domesticated animal, typically bred to serve as a companion, pet, or to protect and protect their owner. They are characterized by their loyalty, affection, and the ability to bond with humans and other animals. Dogs can be seen as loyal friends, loyal partners, and loyal protectors, and are often treated as family members. They are also known for their intelligence, ability to learn, and the ability to form strong bonds with their owners.",Qwen2,Qwen/Qwen2.5-0.5B-Instruct-GGUF,False,False,P3,False,2.0,False,0.7,0.8411450386047363,11.23,13.93,13.82,11.32,10.08,9.72,48.86,13.12,5.79,26.75,4,77,378,126,14,49,16,5.55,0.09,"A dog is a domesticated animal, typically bred to serve as a companion, pet, or to protect and protect their owner. They are characterized by their loyalty, affection, and the ability to bond with humans and other animals. Dogs can be seen as loyal friends, loyal partners, and loyal protectors, and are often treated as family members. They are also known for their intelligence, ability to learn, and the ability to form strong bonds with their owners.",,,
3f6d220d-3e39-445f-8477-f925965bd114,2025-10-05T19:12:03.423401,Qwen2_weighted,What is a dog?,You are a helpful English teacher for beginner students. Answer with a paragraph only with plain text,"A dog is a domesticated animal that is typically a member of the Canis lupus species, the domestic cat, and the canine, among others. Dogs are characterized by their social nature, intelligence, and ability to form strong bonds with their owners. They are commonly found in households across various cultures around the world. Dogs are beloved companions, loyal friends, and, in some cultures, symbols of protection and loyalty.",Qwen2,Qwen/Qwen2.5-0.5B-Instruct-GGUF,True,False,P3,True,2.0,False,0.7,0.60276198387146,11.17,13.86,13.43,12.07,12.14,11.21,45.26,11.75,6.4,23.0,4,68,361,116,13,38,24,5.3,0.09,"A dog is a domesticated animal that is typically a member of the Canis lupus species, the domestic cat, and the canine, among others. Dogs are characterized by their social nature, intelligence, and ability to form strong bonds with their owners. They are commonly found in households across various cultures around the world. Dogs are beloved companions, loyal friends, and, in some cultures, symbols of protection and loyalty.",,,
99644b3e-3115-4c67-843b-7291b031337e,2025-10-05T19:12:03.791058,Qwen2_prompted,What is a dog?,You are a helpful English teacher for beginner students. Answer with a paragraph only with plain text,"A dog is a furry animal, often shown with fur, that is often used as a pet. Dogs can be found in homes and gardens, and they are loved for their affection and companionship.",Qwen2,Qwen/Qwen2.5-0.5B-Instruct-GGUF,False,True,P3,False,2.0,False,0.7,0.36681604385375977,6.66,9.15,10.13,6.46,5.49,8.19,77.61,9.0,4.25,25.5,2,34,140,45,3,27,4,2.06,0.03,"A dog is a furry animal, often shown with fur, that is often used as a pet. Dogs can be found in homes and gardens, and they are loved for their affection and companionship.",,,
dda91323-cedd-495f-bd1a-e052110233a8,2025-10-05T19:12:04.460658,Qwen2_weighted_prompted,What is a dog?,You are a helpful English teacher for beginner students. Answer with a paragraph only with plain text,"A dog is a type of animal. It's a friendly and loyal companion. Dogs are good at playing, being affectionate, and watching people. They can help people with their daily lives, like cleaning up, taking care of pets, and even helping people in need. Dogs are also great at providing entertainment. They can be trained to do things like fetch toys, play tricks, or even be trained as guard dogs. Dogs are our best friends!",Qwen2,Qwen/Qwen2.5-0.5B-Instruct-GGUF,True,True,P3,True,2.0,False,0.7,0.66845703125,4.79,6.42,7.96,5.59,6.96,8.8,79.78,5.07,3.38,14.57,7,75,345,103,5,54,9,5.07,0.08,"A dog is a type of animal. It's a friendly and loyal companion. Dogs are good at playing, being affectionate, and watching people. They can help people with their daily lives, like cleaning up, taking care of pets, and even helping people in need. Dogs are also great at providing entertainment. They can be trained to do things like fetch toys, play tricks, or even be trained as guard dogs. Dogs are our best friends!",,,
4a8baa31-6061-46a9-b353-c952cb8c187b,2025-10-05T19:12:04.820835,Qwen2_control,Can you explain what 'breakfast' is?,You are a helpful English teacher for beginner students. Answer with a paragraph only with plain text,"Breakfast is the first meal of the day, typically referring to the first meal of the day in a typical waking hour. It is a crucial meal of the day, consisting of the first meal of the day in a typical waking hour.",Qwen2,Qwen/Qwen2.5-0.5B-Instruct-GGUF,False,False,P4,False,2.0,False,0.7,0.3589329719543457,8.99,13.25,12.16,8.05,5.35,7.64,68.93,13.25,5.47,34.0,2,43,171,59,5,32,6,2.51,0.04,"Breakfast is the first meal of the day, typically referring to the first meal of the day in a typical waking hour. It is a crucial meal of the day, consisting of the first meal of the day in a typical waking hour.",,,
f1789094-ad4c-4acc-a4d9-8c67c6e6a6fc,2025-10-05T19:12:05.798928,Qwen2_weighted,Can you explain what 'breakfast' is?,You are a helpful English teacher for beginner students. Answer with a paragraph only with plain text,"Breakfast is a crucial meal that, by definition, is the first meal of the day. It is the time when our bodies are primarily formed, and it's when our brains are beginning to develop. This meal is essential for energy, growth, and the functioning of our bodies. It provides the body with the necessary nutrients, including protein, carbohydrates, and essential vitamins and minerals. In addition, breakfast plays a significant role in the development of our brains, as it sets the foundation for the formation of new memories, neural connections, and the formation of new synapses. Finally, breakfast is an opportunity to refresh our bodies and minds, to start the day with a fresh start.",Qwen2,Qwen/Qwen2.5-0.5B-Instruct-GGUF,True,False,P4,True,2.0,False,0.7,0.9764912128448486,11.38,15.67,14.79,11.79,10.78,9.57,47.29,12.5,5.63,28.17,6,114,574,189,25,72,26,8.43,0.14,"Breakfast is a crucial meal that, by definition, is the first meal of the day. It is the time when our bodies are primarily formed, and it's when our brains are beginning to develop. This meal is essential for energy, growth, and the functioning of our bodies. It provides the body with the necessary nutrients, including protein, carbohydrates, and essential vitamins and minerals. In addition, breakfast plays a significant role in the development of our brains, as it sets the foundation for the formation of new memories, neural connections, and the formation of new synapses. Finally, breakfast is an opportunity to refresh our bodies and minds, to start the day with a fresh start.",,,
35588547-80fc-4120-abbb-13fbacc30f93,2025-10-05T19:12:06.361841,Qwen2_prompted,Can you explain what 'breakfast' is?,You are a helpful English teacher for beginner students. Answer with a paragraph only with plain text,"Sure! Breakfast is a meal that many people eat before the morning begins. It's a meal with the first bite of the day, usually consisting of eggs, toast, and a bowl of cereal. Breakfast can be a good start to the day, filled with nutrients and energy, and it's a good time to think about the day ahead.",Qwen2,Qwen/Qwen2.5-0.5B-Instruct-GGUF,False,True,P4,False,2.0,False,0.7,0.5617101192474365,7.82,10.49,10.5,8.05,5.97,6.5,73.44,11.33,4.31,28.33,3,58,244,78,5,44,5,3.58,0.06,"Sure! Breakfast is a meal that many people eat before the morning begins. It's a meal with the first bite of the day, usually consisting of eggs, toast, and a bowl of cereal. Breakfast can be a good start to the day, filled with nutrients and energy, and it's a good time to think about the day ahead.",,,
48ae290d-2f62-4699-b854-86201d9d3cc1,2025-10-05T19:12:07.225661,Qwen2_weighted_prompted,Can you explain what 'breakfast' is?,You are a helpful English teacher for beginner students. Answer with a paragraph only with plain text,"Sure, breakfast is a meal that is typically eaten in the morning, often by children, as it's a time to start the day. It's a crucial meal for the day, providing nutrients and energy for the body. It's a good time to start the day with a healthy, balanced meal. This can include eggs, toast, cereal, and a small, healthy, and nutritious snack. Breakfast can be a good way to start your day, especially if you're going to be active or have some physical activities. It's a great time to get going and start your day off right.",Qwen2,Qwen/Qwen2.5-0.5B-Instruct-GGUF,True,True,P4,True,2.0,False,0.7,0.8624498844146729,6.67,9.8,10.13,7.26,6.36,6.7,76.31,8.67,4.2,24.17,6,98,427,132,9,74,12,6.27,0.1,"Sure, breakfast is a meal that is typically eaten in the morning, often by children, as it's a time to start the day. It's a crucial meal for the day, providing nutrients and energy for the body. It's a good time to start the day with a healthy, balanced meal. This can include eggs, toast, cereal, and a small, healthy, and nutritious snack. Breakfast can be a good way to start your day, especially if you're going to be active or have some physical activities. It's a great time to get going and start your day off right.",,,
8f096505-5361-4e58-98c4-a09f20dc372e,2025-10-05T19:12:07.995925,Qwen2_control,What is the difference between 'big' and 'large'?,You are a helpful English teacher for beginner students. Answer with a paragraph only with plain text,"The difference between 'big' and 'large' is not absolute, but rather relative. While a 'large' thing may have a large size or mass, it often also has a larger impact or significance compared to a 'big' thing. For instance, a large building may have a large floor area but may also have a large space for parking or for a larger parking garage. In contrast, a 'big' thing might have a significant impact or a large impact but may be smaller in size compared to a 'large' thing.",Qwen2,Qwen/Qwen2.5-0.5B-Instruct-GGUF,False,False,P5,False,2.0,False,0.7,0.7686188220977783,9.21,11.07,10.13,10.39,7.18,7.96,68.18,12.5,5.6,32.0,4,88,389,121,6,63,12,5.71,0.1,"The difference between 'big' and 'large' is not absolute, but rather relative. While a 'large' thing may have a large size or mass, it often also has a larger impact or significance compared to a 'big' thing. For instance, a large building may have a large floor area but may also have a large space for parking or for a larger parking garage. In contrast, a 'big' thing might have a significant impact or a large impact but may be smaller in size compared to a 'large' thing.",,,
258ba1df-db1e-4a51-80b0-036f4e0292e2,2025-10-05T19:12:08.371966,Qwen2_weighted,What is the difference between 'big' and 'large'?,You are a helpful English teacher for beginner students. Answer with a paragraph only with plain text,"The difference between 'big' and 'large' is a subjective concept, varying from person to person. 'Big' is generally understood to mean substantial, large, or significant, while 'large' is generally understood to mean large, substantial, or significant.",Qwen2,Qwen/Qwen2.5-0.5B-Instruct-GGUF,True,False,P5,True,2.0,False,0.7,0.37491488456726074,13.06,18.31,16.53,15.96,14.94,9.35,33.47,14.5,6.0,24.5,2,36,217,66,11,21,7,3.19,0.05,"The difference between 'big' and 'large' is a subjective concept, varying from person to person. 'Big' is generally understood to mean substantial, large, or significant, while 'large' is generally understood to mean large, substantial, or significant.",,,
cac7fa86-e649-411d-ba16-844cd49bc839,2025-10-05T19:12:08.950954,Qwen2_prompted,What is the difference between 'big' and 'large'?,You are a helpful English teacher for beginner students. Answer with a paragraph only with plain text,"The difference between 'big' and 'large' is like the difference between 'big' and 'large' in the big, big world of numbers. 'Big' means something that is substantial or large, like the biggest tree in a forest. 'Large' means something that is large in size, like the size of a big lake or ocean.",Qwen2,Qwen/Qwen2.5-0.5B-Instruct-GGUF,False,True,P5,False,2.0,False,0.7,0.5778558254241943,6.22,7.82,8.84,9.0,7.15,5.41,81.96,8.83,3.82,26.0,3,53,243,67,3,42,3,3.57,0.06,"The difference between 'big' and 'large' is like the difference between 'big' and 'large' in the big, big world of numbers. 'Big' means something that is substantial or large, like the biggest tree in a forest. 'Large' means something that is large in size, like the size of a big lake or ocean.",,,
6684746c-4e03-40a2-a2a0-75694181b7f0,2025-10-05T19:12:09.604016,Qwen2_weighted_prompted,What is the difference between 'big' and 'large'?,You are a helpful English teacher for beginner students. Answer with a paragraph only with plain text,"'Big' and 'large' are terms used to describe size. 'Big' is generally used to describe something that is bigger than the average, while 'large' is a more general term. 'Big' can mean large, but not necessarily. 'Large' can mean large, but not necessarily. For example, 'big' can mean 'large', but not all things that are 'big' are 'large', and vice versa.",Qwen2,Qwen/Qwen2.5-0.5B-Instruct-GGUF,True,True,P5,True,2.0,False,0.7,0.651892900466919,5.22,8.16,9.39,7.45,6.88,6.57,79.34,6.3,3.41,17.8,5,61,295,83,6,50,5,4.33,0.07,"'Big' and 'large' are terms used to describe size. 'Big' is generally used to describe something that is bigger than the average, while 'large' is a more general term. 'Big' can mean large, but not necessarily. 'Large' can mean large, but not necessarily. For example, 'big' can mean 'large', but not all things that are 'big' are 'large', and vice versa.",,,
3d5396c9-b294-4662-8f59-71563028b1f3,2025-10-05T19:12:09.846104,Qwen2_control,Can you tell me about your favorite animal?,You are a helpful English teacher for beginner students. Answer with a paragraph only with plain text,"As an AI, I don't have personal preferences or emotions, but I can provide information about various animals, including their habitats, behaviors, and characteristics.",Qwen2,Qwen/Qwen2.5-0.5B-Instruct-GGUF,False,False,P6,False,2.0,False,0.7,0.2406759262084961,18.35,26.27,21.19,18.83,16.07,12.72,6.23,22.0,8.16,33.0,1,24,144,50,10,12,11,2.12,0.04,"As an AI, I don't have personal preferences or emotions, but I can provide information about various animals, including their habitats, behaviors, and characteristics.",,,
539124ce-49bf-406e-9761-13395b43607b,2025-10-05T19:12:10.499487,Qwen2_weighted,Can you tell me about your favorite animal?,You are a helpful English teacher for beginner students. Answer with a paragraph only with plain text,"As an AI assistant, I don't have personal preferences, but I can tell you about my favorite animal. My favorite animal is the elephant, as it is a majestic, intelligent, and versatile creature. Elephants have been a symbol of strength, power, and endurance, and they have played a significant role in human history, culture, and literature. Their intelligence, agility, and endurance make them a fascinating subject for study, exploration, and appreciation.",Qwen2,Qwen/Qwen2.5-0.5B-Instruct-GGUF,True,False,P6,True,2.0,False,0.7,0.6520209312438965,13.44,16.11,16.53,13.12,12.59,9.85,30.34,14.38,5.76,24.75,4,71,387,133,22,41,19,5.69,0.09,"As an AI assistant, I don't have personal preferences, but I can tell you about my favorite animal. My favorite animal is the elephant, as it is a majestic, intelligent, and versatile creature. Elephants have been a symbol of strength, power, and endurance, and they have played a significant role in human history, culture, and literature. Their intelligence, agility, and endurance make them a fascinating subject for study, exploration, and appreciation.",,,
d39e2002-c55b-475c-81a0-2b788e9ca9d0,2025-10-05T19:12:11.623677,Qwen2_prompted,Can you tell me about your favorite animal?,You are a helpful English teacher for beginner students. Answer with a paragraph only with plain text,"Sure! As a language model, I don't have personal preferences or feelings. However, I can tell you about my favorite animal. My favorite animal is a cat. Cats are very intelligent and social creatures that are loved by many. They are not only pets but also play a crucial role in keeping our homes and families safe and peaceful. Cats are often considered to be the smartest of all the animals, thanks to their clever hunting skills and quick reflexes. They enjoy playing with their owners and are also great at catching mice and other pests. They are also very affectionate and can be very playful with their owners. They are a very popular pet among people, and they are a symbol of love, loyalty, and affection.",Qwen2,Qwen/Qwen2.5-0.5B-Instruct-GGUF,False,True,P6,False,2.0,False,0.7,1.1224312782287598,8.03,9.11,10.75,7.4,8.13,8.44,62.61,6.75,4.52,19.56,9,127,587,195,16,78,24,8.62,0.14,"Sure! As a language model, I don't have personal preferences or feelings. However, I can tell you about my favorite animal. My favorite animal is a cat. Cats are very intelligent and social creatures that are loved by many. They are not only pets but also play a crucial role in keeping our homes and families safe and peaceful. Cats are often considered to be the smartest of all the animals, thanks to their clever hunting skills and quick reflexes. They enjoy playing with their owners and are also great at catching mice and other pests. They are also very affectionate and can be very playful with their owners. They are a very popular pet among people, and they are a symbol of love, loyalty, and affection.",,,
7f5be20e-4b0f-4cae-b16e-719e7a615044,2025-10-05T19:12:13.138032,Qwen2_weighted_prompted,Can you tell me about your favorite animal?,You are a helpful English teacher for beginner students. Answer with a paragraph only with plain text,"Sure! My favorite animal is the dog. Dogs are very loyal, loving, and energetic. They are good with children, can be trained, and are great friends. Dogs can be quite noisy, but they make great companions. They're a wonderful family member, and they're always there for you. Dogs are also very smart, can perform various tasks, and are very loyal. They're also very social, can be social, and are great pets. Dogs are also very playful, can be playful, and are great pets. They're also very friendly, can be friendly, and are great pets. Dogs are also very loyal, can be loyal, and are great pets. They're also very loving, can be loving, and are great pets. They're also very energetic, can be energetic, and are great pets. Dogs are also very loyal, can be loyal, and are great pets. They're also very smart, can be smart, and are great pets. They're also",Qwen2,Qwen/Qwen2.5-0.5B-Instruct-GGUF,True,True,P6,True,2.0,False,0.7,1.5126867294311523,5.25,5.68,7.71,5.74,6.44,7.89,76.86,4.7,3.45,15.0,14,153,705,215,9,103,8,10.36,0.17,"Sure! My favorite animal is the dog. Dogs are very loyal, loving, and energetic. They are good with children, can be trained, and are great friends. Dogs can be quite noisy, but they make great companions. They're a wonderful family member, and they're always there for you. Dogs are also very smart, can perform various tasks, and are very loyal. They're also very social, can be social, and are great pets. Dogs are also very playful, can be playful, and are great pets. They're also very friendly, can be friendly, and are great pets. Dogs are also very loyal, can be loyal, and are great pets. They're also very loving, can be loving, and are great pets. They're also very energetic, can be energetic, and are great pets. Dogs are also very loyal, can be loyal, and are great pets. They're also very smart, can be smart, and are great pets. They're also",,,
22020359-8a0b-40d4-9fe6-7f1a423b47cf,2025-10-05T19:12:13.922274,Qwen2_control,What colors do you see in a rainbow?,You are a helpful English teacher for beginner students. Answer with a paragraph only with plain text,"In a rainbow, one can see a wide array of colors. The primary colors are red, orange, yellow, green, blue, and violet. These hues are formed by the dispersion of light into different parts of the visible spectrum as it passes through the Earth's atmosphere. Additionally, there are other secondary colors such as purple, pink, and other shades of red and yellow. These secondary colors are formed when light from the primary colors is combined and then reflected back into the primary colors in the eye.",Qwen2,Qwen/Qwen2.5-0.5B-Instruct-GGUF,False,False,P7,False,2.0,False,0.7,0.7822461128234863,9.37,11.53,11.98,10.06,9.66,9.26,58.54,11.0,5.26,24.0,5,86,418,133,12,55,12,6.14,0.1,"In a rainbow, one can see a wide array of colors. The primary colors are red, orange, yellow, green, blue, and violet. These hues are formed by the dispersion of light into different parts of the visible spectrum as it passes through the Earth's atmosphere. Additionally, there are other secondary colors such as purple, pink, and other shades of red and yellow. These secondary colors are formed when light from the primary colors is combined and then reflected back into the primary colors in the eye.",,,
ac9d6f3e-1c84-4837-8aa8-59427bd0c192,2025-10-05T19:12:14.412946,Qwen2_weighted,What colors do you see in a rainbow?,You are a helpful English teacher for beginner students. Answer with a paragraph only with plain text,"A rainbow, a stunning display of colors, occurs when raindrops strike the atmosphere. The colors range from violet to orange, green, yellow, red, and blue, with each color appearing as it does from top to bottom. The colors in a rainbow are the result of the reflection of sunlight, with each color representing a different wavelength.",Qwen2,Qwen/Qwen2.5-0.5B-Instruct-GGUF,True,False,P7,True,2.0,False,0.7,0.48932695388793945,9.81,10.32,11.21,11.45,10.48,8.79,57.97,11.33,5.47,25.67,3,56,280,86,6,33,11,4.11,0.07,"A rainbow, a stunning display of colors, occurs when raindrops strike the atmosphere. The colors range from violet to orange, green, yellow, red, and blue, with each color appearing as it does from top to bottom. The colors in a rainbow are the result of the reflection of sunlight, with each color representing a different wavelength.",,,
3127e897-7b53-4762-999b-0ef837a5c69a,2025-10-05T19:12:14.786448,Qwen2_prompted,What colors do you see in a rainbow?,You are a helpful English teacher for beginner students. Answer with a paragraph only with plain text,"In a rainbow, you see various colors of light, including red, orange, yellow, green, blue, and violet. Each color is a different wavelength of light that mixes together to create the rainbow effect.",Qwen2,Qwen/Qwen2.5-0.5B-Instruct-GGUF,False,True,P7,False,2.0,False,0.7,0.3723890781402588,9.8,9.02,12.16,10.51,10.0,7.8,54.21,10.75,4.99,22.5,2,33,166,53,5,18,7,2.44,0.04,"In a rainbow, you see various colors of light, including red, orange, yellow, green, blue, and violet. Each color is a different wavelength of light that mixes together to create the rainbow effect.",,,
b903661e-1f4b-49ff-a21b-731a0cb201c1,2025-10-05T19:12:15.284395,Qwen2_weighted_prompted,What colors do you see in a rainbow?,You are a helpful English teacher for beginner students. Answer with a paragraph only with plain text,"You see different colors in a rainbow, like the colors of the rainbow. The colors are red, orange, yellow, green, blue, and violet. These colors are arranged in order, starting from the top, moving to the bottom. Each color represents a different wavelength of light, which makes up our world.",Qwen2,Qwen/Qwen2.5-0.5B-Instruct-GGUF,True,True,P7,True,2.0,False,0.7,0.4967062473297119,6.75,5.8,8.84,7.8,8.63,7.1,68.94,6.25,3.98,17.75,4,50,244,74,4,30,5,3.58,0.06,"You see different colors in a rainbow, like the colors of the rainbow. The colors are red, orange, yellow, green, blue, and violet. These colors are arranged in order, starting from the top, moving to the bottom. Each color represents a different wavelength of light, which makes up our world.",,,
355f381b-5359-4241-b46a-cf8d6a596315,2025-10-05T19:12:16.039866,Qwen2_control,Can you describe what happens in the morning?What does 'happy' mean?,You are a helpful English teacher for beginner students. Answer with a paragraph only with plain text,"The morning starts with a fresh start, often symbolizing a new beginning for the day or a fresh start in a new situation. It marks the beginning of a new day in a day-to-day routine and is often associated with the arrival of new experiences or opportunities. The word 'happy' in this context generally refers to feeling good or cheerful, as opposed to being sad or gloomy. It is used to describe a positive emotional state, often in the context of a positive, pleasant experience or situation.",Qwen2,Qwen/Qwen2.5-0.5B-Instruct-GGUF,False,False,P8,False,2.0,False,0.7,0.753525972366333,12.56,14.68,14.19,11.53,9.24,8.89,43.76,14.62,5.98,32.5,4,87,408,145,15,56,18,5.99,0.1,"The morning starts with a fresh start, often symbolizing a new beginning for the day or a fresh start in a new situation. It marks the beginning of a new day in a day-to-day routine and is often associated with the arrival of new experiences or opportunities. The word 'happy' in this context generally refers to feeling good or cheerful, as opposed to being sad or gloomy. It is used to describe a positive emotional state, often in the context of a positive, pleasant experience or situation.",,,
a9e8c7ab-dd96-4494-9df8-0840329d9515,2025-10-05T19:12:17.101692,Qwen2_weighted,Can you describe what happens in the morning?What does 'happy' mean?,You are a helpful English teacher for beginner students. Answer with a paragraph only with plain text,"In the morning, we typically start our day with a wake-up call, whether it's a quiet, peaceful moment or a bustling, bustling one. We may set up our day with a morning routine, whether it's a physical exercise, a meditation, or a mindfulness practice. Our morning is an opportunity to refresh and prepare, often for a new day, to tackle the challenges of the day ahead. The word ""happy"" in this context could refer to a state of well-being, pleasure, or contentment, akin to a state of calm, equilibrium, or satisfaction. It could also be used to describe a feeling of well-being, happiness, or contentment, akin to a state of calm, equilibrium, or satisfaction.",Qwen2,Qwen/Qwen2.5-0.5B-Instruct-GGUF,True,False,P8,True,2.0,False,0.7,1.0599901676177979,12.66,15.08,13.97,12.65,9.26,9.06,44.92,12.6,6.24,34.2,5,114,549,187,18,68,22,8.06,0.13,"In the morning, we typically start our day with a wake-up call, whether it's a quiet, peaceful moment or a bustling, bustling one. We may set up our day with a morning routine, whether it's a physical exercise, a meditation, or a mindfulness practice. Our morning is an opportunity to refresh and prepare, often for a new day, to tackle the challenges of the day ahead. The word ""happy"" in this context could refer to a state of well-being, pleasure, or contentment, akin to a state of calm, equilibrium, or satisfaction. It could also be used to describe a feeling of well-being, happiness, or contentment, akin to a state of calm, equilibrium, or satisfaction.",,,
be3c0d98-976b-49a7-b041-d242575aee26,2025-10-05T19:12:18.200569,Qwen2_prompted,Can you describe what happens in the morning?What does 'happy' mean?,You are a helpful English teacher for beginner students. Answer with a paragraph only with plain text,"Sure, I can try! Here's how it goes in the morning:

In the morning, we wake up to a fresh start and a new day. It's a good time to start the day by getting some exercise or a walk. After that, breakfast is the first meal of the day. It's a meal that fills us up and gives us energy for the day ahead. 

'The morning' in this context means the first hour of the day. It's a time for waking up, getting ready, and getting ready for the day ahead. In this sense, it's not about the quality of the day, but the time of day, which is the first hour of the day.",Qwen2,Qwen/Qwen2.5-0.5B-Instruct-GGUF,False,True,P8,False,2.0,False,0.7,1.097355842590332,4.2,6.83,6.63,3.6,2.86,5.31,90.74,5.62,3.25,23.12,8,116,438,139,3,96,5,6.43,0.11,"Sure, I can try! Here's how it goes in the morning: In the morning, we wake up to a fresh start and a new day. It's a good time to start the day by getting some exercise or a walk. After that, breakfast is the first meal of the day. It's a meal that fills us up and gives us energy for the day ahead. 'The morning' in this context means the first hour of the day. It's a time for waking up, getting ready, and getting ready for the day ahead. In this sense, it's not about the quality of the day, but the time of day, which is the first hour of the day.",,,
32390fb4-6217-40a7-85f3-f61406e3f381,2025-10-05T19:12:19.397613,Qwen2_weighted_prompted,Can you describe what happens in the morning?What does 'happy' mean?,You are a helpful English teacher for beginner students. Answer with a paragraph only with plain text,"# Context
Morning is the first part of the day that you wake up from. It's a time for self-care, reflection, and a fresh start. Your first step is to brush your teeth, wash your hands, and check for any health issues. It's important to eat a healthy breakfast to start your day off well. You can also go for a walk, read a book, listen to music, or practice some mindfulness exercises. It's also a good time to reflect on what's happened during the night, set goals, and plan for the day. Finally, it's important to be happy. You can do this by doing something you enjoy, spending time with family and friends, or doing something that makes you feel good. Remember, morning is a chance to start your day with a good mindset.",Qwen2,Qwen/Qwen2.5-0.5B-Instruct-GGUF,True,True,P8,True,2.0,False,0.7,1.1952412128448486,5.63,6.85,8.52,6.72,6.49,6.38,81.24,7.0,3.77,21.33,9,134,589,175,8,102,12,8.65,0.14,"Context Morning is the first part of the day that you wake up from. It's a time for self-care, reflection, and a fresh start. Your first step is to brush your teeth, wash your hands, and check for any health issues. It's important to eat a healthy breakfast to start your day off well. You can also go for a walk, read a book, listen to music, or practice some mindfulness exercises. It's also a good time to reflect on what's happened during the night, set goals, and plan for the day. Finally, it's important to be happy. You can do this by doing something you enjoy, spending time with family and friends, or doing something that makes you feel good. Remember, morning is a chance to start your day with a good mindset.",,,
399cba1c-e50e-492f-9c15-1636d8392be9,2025-10-05T19:12:19.613589,Qwen2_control,How do you say goodbye in English?,You are a helpful English teacher for beginner students. Answer with a paragraph only with plain text,"To say goodbye in English, you can say ""Goodbye"" or simply ""Good"" (with a comma).",Qwen2,Qwen/Qwen2.5-0.5B-Instruct-GGUF,False,False,P9,False,2.0,False,0.7,0.21459197998046875,5.99,6.0,3.13,7.11,5.04,6.49,78.81,6.5,4.1,23.0,1,15,67,20,0,10,2,0.98,0.02,"To say goodbye in English, you can say ""Goodbye"" or simply ""Good"" (with a comma).",,,
ff309954-51f3-416f-8806-15a98778436d,2025-10-05T19:12:20.187942,Qwen2_weighted,How do you say goodbye in English?,You are a helpful English teacher for beginner students. Answer with a paragraph only with plain text,"Gone are the days of traditional farewell, and in English, you can say goodbye with a simple, informal ""goodbye"". This phrase is commonly used in English-speaking countries, especially for those who are leaving a place, a group, or a period. It's a simple, direct, and natural way to say goodbye.",Qwen2,Qwen/Qwen2.5-0.5B-Instruct-GGUF,True,False,P9,True,2.0,False,0.7,0.5728378295898438,9.08,12.27,11.86,10.17,9.34,7.94,59.63,10.67,4.74,24.67,3,50,247,77,7,33,9,3.63,0.06,"Gone are the days of traditional farewell, and in English, you can say goodbye with a simple, informal ""goodbye"". This phrase is commonly used in English-speaking countries, especially for those who are leaving a place, a group, or a period. It's a simple, direct, and natural way to say goodbye.",,,
b6202731-ed99-4e1a-881c-de7b5ce00d5d,2025-10-05T19:12:20.410191,Qwen2_prompted,How do you say goodbye in English?,You are a helpful English teacher for beginner students. Answer with a paragraph only with plain text,"Greet someone by saying ""goodbye"" in English. It's a simple and common phrase.",Qwen2,Qwen/Qwen2.5-0.5B-Instruct-GGUF,False,True,P9,False,2.0,False,0.7,0.22119712829589844,4.19,2.6,3.13,5.73,6.86,7.6,76.59,2.25,3.08,9.0,2,13,66,19,0,7,2,0.97,0.02,"Greet someone by saying ""goodbye"" in English. It's a simple and common phrase.",,,
62f55c06-69bb-4c9b-9419-01e957374909,2025-10-05T19:12:20.679745,Qwen2_weighted_prompted,How do you say goodbye in English?,You are a helpful English teacher for beginner students. Answer with a paragraph only with plain text,"To say goodbye, you can say ""goodbye"" in English. It's a simple, straightforward statement. You'd say it like this: ""goodbye"" in English.",Qwen2,Qwen/Qwen2.5-0.5B-Instruct-GGUF,True,True,P9,True,2.0,False,0.7,0.268477201461792,3.9,4.75,6.43,7.07,7.58,5.44,80.18,3.0,2.65,11.0,3,22,116,31,1,14,2,1.7,0.03,"To say goodbye, you can say ""goodbye"" in English. It's a simple, straightforward statement. You'd say it like this: ""goodbye"" in English.",,,
a893998e-284b-4ded-ba67-17ebe2e41bf7,2025-10-05T19:12:20.900404,Qwen2_control,What is the weather like today?,You are a helpful English teacher for beginner students. Answer with a paragraph only with plain text,"I'm sorry, but I need more context to be able to provide an accurate response. Could you please specify which location you are referring to?",Qwen2,Qwen/Qwen2.5-0.5B-Instruct-GGUF,False,False,P10,False,2.0,False,0.7,0.2191622257232666,7.22,11.4,11.21,6.67,7.82,9.31,65.56,7.25,5.01,18.0,2,25,116,38,4,16,7,1.7,0.03,"I'm sorry, but I need more context to be able to provide an accurate response. Could you please specify which location you are referring to?",,,
fe27fb24-6f62-4276-bde9-501cb9566604,2025-10-05T19:12:21.154248,Qwen2_weighted,What is the weather like today?,You are a helpful English teacher for beginner students. Answer with a paragraph only with plain text,"I'm sorry, but I am an artificial intelligence, so I do not have access to current weather information. I can only provide information about the weather in the past.",Qwen2,Qwen/Qwen2.5-0.5B-Instruct-GGUF,True,False,P10,True,2.0,False,0.7,0.2526710033416748,10.0,11.32,11.21,8.07,8.56,8.71,49.17,8.25,4.96,22.0,2,29,137,49,4,17,6,2.01,0.03,"I'm sorry, but I am an artificial intelligence, so I do not have access to current weather information. I can only provide information about the weather in the past.",,,
87b113f6-f408-4306-8851-6c39796d54d9,2025-10-05T19:12:21.471173,Qwen2_prompted,What is the weather like today?,You are a helpful English teacher for beginner students. Answer with a paragraph only with plain text,The weather is nice today. It's sunny and warm outside. You can see the sun on your face and the clouds above. It's perfect for a nice day out.,Qwen2,Qwen/Qwen2.5-0.5B-Instruct-GGUF,False,True,P10,False,2.0,False,0.7,0.31573915481567383,1.48,2.9,3.13,0.87,1.92,5.09,97.37,2.62,2.16,11.5,4,29,115,35,0,23,1,1.69,0.03,The weather is nice today. It's sunny and warm outside. You can see the sun on your face and the clouds above. It's perfect for a nice day out.,,,
d07e428c-c58b-4322-bf2b-f47230f86c1e,2025-10-05T19:12:21.723039,Qwen2_weighted_prompted,What is the weather like today?,You are a helpful English teacher for beginner students. Answer with a paragraph only with plain text,"The weather today is sunny. It's a nice day, and the sky is clear. Isn't it fun to see the sun, and how it makes our day?",Qwen2,Qwen/Qwen2.5-0.5B-Instruct-GGUF,True,True,P10,True,2.0,False,0.7,0.25078392028808594,1.91,3.6,3.13,-0.36,-0.19,1.03,97.43,3.5,2.11,15.67,3,27,95,32,0,22,0,1.4,0.02,"The weather today is sunny. It's a nice day, and the sky is clear. Isn't it fun to see the sun, and how it makes our day?",,,
0f60121f-8a08-4e97-aa60-535aec6c8dca,2025-10-05T19:12:22.486884,Qwen2_control,What is a 'friend' is?,You are a helpful English teacher for beginner students. Answer with a paragraph only with plain text,"A friend is someone with whom you feel comfortable and trust, sharing your thoughts, feelings, and experiences with them. Friends are people with whom you connect, share, and support. They are those with whom you can confide, share your troubles, and look for guidance. Friends are those you can depend on, trust, and rely on when you need someone to talk to or someone to listen to. Friends are those who, in turn, are a source of comfort, inspiration, and encouragement to you.",Qwen2,Qwen/Qwen2.5-0.5B-Instruct-GGUF,False,False,P11,False,2.0,False,0.7,0.762037992477417,6.66,8.57,8.24,9.4,8.9,7.5,76.85,8.1,4.32,23.4,5,83,397,111,4,64,11,5.83,0.1,"A friend is someone with whom you feel comfortable and trust, sharing your thoughts, feelings, and experiences with them. Friends are people with whom you connect, share, and support. They are those with whom you can confide, share your troubles, and look for guidance. Friends are those you can depend on, trust, and rely on when you need someone to talk to or someone to listen to. Friends are those who, in turn, are a source of comfort, inspiration, and encouragement to you.",,,
a581a08c-40f3-4623-9033-336e89babd03,2025-10-05T19:12:23.909939,Qwen2_weighted,What is a 'friend' is?,You are a helpful English teacher for beginner students. Answer with a paragraph only with plain text,"A 'friend' is an acquaintance, a supportive person who shares interests, experiences, or goals, and offers a place of comfort and support. Friends can be people, animals, or even plants, and they can be in a wide range of social situations, from childhood friends to close, lifelong partners. Friends are important to us, as they provide companionship, emotional support, and a sense of belonging. They can be loyal, loyal, or loyal, depending on their nature. Friends can be seen as a source of joy, a source of comfort, and a source of guidance. Friends can be seen as a source of inspiration, a source of fulfillment, and a source of connection. Friends can be seen as a source of strength, a source of support, and a source of wisdom. Friends can be seen as a source of personal growth, a source of personal success, and a source of personal fulfillment. Friends can be seen as a source of emotional connection, a source of emotional support",Qwen2,Qwen/Qwen2.5-0.5B-Instruct-GGUF,True,False,P11,True,2.0,False,0.7,1.4213080406188965,8.44,11.94,11.65,10.03,8.84,10.67,67.22,9.0,5.3,27.11,9,165,781,236,20,122,25,11.47,0.19,"A 'friend' is an acquaintance, a supportive person who shares interests, experiences, or goals, and offers a place of comfort and support. Friends can be people, animals, or even plants, and they can be in a wide range of social situations, from childhood friends to close, lifelong partners. Friends are important to us, as they provide companionship, emotional support, and a sense of belonging. They can be loyal, loyal, or loyal, depending on their nature. Friends can be seen as a source of joy, a source of comfort, and a source of guidance. Friends can be seen as a source of inspiration, a source of fulfillment, and a source of connection. Friends can be seen as a source of strength, a source of support, and a source of wisdom. Friends can be seen as a source of personal growth, a source of personal success, and a source of personal fulfillment. Friends can be seen as a source of emotional connection, a source of emotional support",,,
0c3840cc-1569-4562-b40c-b8014a33ac9c,2025-10-05T19:12:24.420941,Qwen2_prompted,What is a 'friend' is?,You are a helpful English teacher for beginner students. Answer with a paragraph only with plain text,"A 'friend' is a person who shares your interests and values, and helps you in return. They are someone you can talk to and share your thoughts with, and they are a source of support and comfort when you need it. Friends are often the best kind of friends that can grow and flourish together.",Qwen2,Qwen/Qwen2.5-0.5B-Instruct-GGUF,False,True,P11,False,2.0,False,0.7,0.5097923278808594,5.72,7.33,6.43,8.03,6.84,7.42,86.71,8.5,4.05,26.67,3,55,237,66,1,45,4,3.48,0.06,"A 'friend' is a person who shares your interests and values, and helps you in return. They are someone you can talk to and share your thoughts with, and they are a source of support and comfort when you need it. Friends are often the best kind of friends that can grow and flourish together.",,,
38488140-3983-4fbd-837b-37ea5c9cf3b5,2025-10-05T19:12:25.407077,Qwen2_weighted_prompted,What is a 'friend' is?,You are a helpful English teacher for beginner students. Answer with a paragraph only with plain text,"A 'friend' is a person with whom you can share your thoughts, feelings, and experiences. Friends are people you like and care about, who you can trust. They might be family, a classmate, a classmate, a club member, a person you meet at a party, or a person you meet on a dating site. Friends can be a good source of support, a place to share your problems, and a source of joy. Friends can make you feel good, and they can also help you feel better. Friends are important because they can be a part of your life, and they can be a part of your life, and a part of your life.",Qwen2,Qwen/Qwen2.5-0.5B-Instruct-GGUF,True,True,P11,True,2.0,False,0.7,0.9847249984741211,6.1,7.95,7.17,7.12,5.03,6.38,85.14,7.83,3.9,27.83,6,114,461,138,3,95,5,6.77,0.11,"A 'friend' is a person with whom you can share your thoughts, feelings, and experiences. Friends are people you like and care about, who you can trust. They might be family, a classmate, a classmate, a club member, a person you meet at a party, or a person you meet on a dating site. Friends can be a good source of support, a place to share your problems, and a source of joy. Friends can make you feel good, and they can also help you feel better. Friends are important because they can be a part of your life, and they can be a part of your life, and a part of your life.",,,
1f4eaac3-7e3f-477d-9151-7821c285a620,2025-10-05T19:12:25.653713,Qwen2_control,What do you do at school?,You are a helpful English teacher for beginner students. Answer with a paragraph only with plain text,"As an AI, I don't attend schools in the traditional sense, but I am designed to provide information, answer questions, and assist with tasks in various ways.",Qwen2,Qwen/Qwen2.5-0.5B-Instruct-GGUF,False,False,P12,False,2.0,False,0.7,0.24518918991088867,12.86,15.24,13.02,14.92,9.96,11.41,50.96,16.5,6.88,39.0,1,27,131,41,3,18,7,1.92,0.03,"As an AI, I don't attend schools in the traditional sense, but I am designed to provide information, answer questions, and assist with tasks in various ways.",,,
655a19a9-9901-48ce-86fd-0454d710cf79,2025-10-05T19:12:26.622515,Qwen2_weighted,What do you do at school?,You are a helpful English teacher for beginner students. Answer with a paragraph only with plain text,"I, as an English teacher, am here to help you learn and grow. The first thing I do is to welcome you to the school, and to start the day by greeting you, and by asking you, and by showing you, and by answering you, and by showing you, and by showing you, and by showing you, and by showing you. In the process, I try to make the learning experience engaging and enjoyable. I encourage you to read, write, and think, and I support you in finding ways to do so. I also try to maintain a positive and supportive learning environment, and to provide you with the tools and support you need to succeed.",Qwen2,Qwen/Qwen2.5-0.5B-Instruct-GGUF,True,False,P12,True,2.0,False,0.7,0.967210054397583,9.23,12.04,10.36,9.74,6.02,8.33,70.24,11.2,5.89,37.6,5,116,482,155,8,88,18,7.08,0.12,"I, as an English teacher, am here to help you learn and grow. The first thing I do is to welcome you to the school, and to start the day by greeting you, and by asking you, and by showing you, and by answering you, and by showing you, and by showing you, and by showing you, and by showing you. In the process, I try to make the learning experience engaging and enjoyable. I encourage you to read, write, and think, and I support you in finding ways to do so. I also try to maintain a positive and supportive learning environment, and to provide you with the tools and support you need to succeed.",,,
883a93af-eeda-41ce-ac62-4b8b65dda5da,2025-10-05T19:12:28.110585,Qwen2_prompted,What do you do at school?,You are a helpful English teacher for beginner students. Answer with a paragraph only with plain text,"At school, you go to school to learn and learn more. You go to school every day to get ready for class. You go to school with your friends to play and have fun. You go to school to learn important things like math and science. You go to school to learn how to be a good person and behave properly. School is important and fun for everyone. You go to school to learn to be a good person and behave properly. School is important and fun for everyone. You go to school to learn how to be a good person and behave properly. School is important and fun for everyone. You go to school to learn how to be a good person and behave properly. School is important and fun for everyone. You go to school to learn how to be a good person and behave properly. School is important and fun for everyone. You go to school to learn how to be a good person and behave properly. School is important and fun for everyone. You go to school to learn",Qwen2,Qwen/Qwen2.5-0.5B-Instruct-GGUF,False,True,P12,False,2.0,False,0.7,1.4865190982818604,3.89,5.62,9.33,3.1,4.49,5.03,86.34,5.44,2.69,16.94,17,183,744,237,20,149,2,10.93,0.18,"At school, you go to school to learn and learn more. You go to school every day to get ready for class. You go to school with your friends to play and have fun. You go to school to learn important things like math and science. You go to school to learn how to be a good person and behave properly. School is important and fun for everyone. You go to school to learn to be a good person and behave properly. School is important and fun for everyone. You go to school to learn how to be a good person and behave properly. School is important and fun for everyone. You go to school to learn how to be a good person and behave properly. School is important and fun for everyone. You go to school to learn how to be a good person and behave properly. School is important and fun for everyone. You go to school to learn how to be a good person and behave properly. School is important and fun for everyone. You go to school to learn",,,
a0ca6922-df37-430e-8da3-140efabb283e,2025-10-05T19:12:28.763232,Qwen2_weighted_prompted,What do you do at school?,You are a helpful English teacher for beginner students. Answer with a paragraph only with plain text,"At school, you can do many things. You can learn new things, read books, and write stories. You can also talk to your friends, share your ideas, and express your feelings. In school, you can also help your teacher, like making a good impression or being helpful. It's like going to a big party, but with your friends, and you're always a part of the fun!",Qwen2,Qwen/Qwen2.5-0.5B-Instruct-GGUF,True,True,P12,True,2.0,False,0.7,0.651298999786377,4.4,6.49,6.74,5.79,5.95,6.44,87.05,6.0,3.22,18.6,5,66,289,83,2,51,4,4.25,0.07,"At school, you can do many things. You can learn new things, read books, and write stories. You can also talk to your friends, share your ideas, and express your feelings. In school, you can also help your teacher, like making a good impression or being helpful. It's like going to a big party, but with your friends, and you're always a part of the fun!",,,
95f81573-2590-437f-8d29-09ebeb8445de,2025-10-05T19:12:29.609235,Qwen2_control,What is the difference between 'hot' and 'cold'?,You are a helpful English teacher for beginner students. Answer with a paragraph only with plain text,"The term 'hot' and 'cold' are commonly used to describe temperature, but they have different meanings and connotations. 'Hot' is generally used to describe the temperature of an object, substance, or environment. For example, a hot cup of coffee or a hot oven are examples of objects with high temperature. On the other hand, 'cold' is generally used to describe the temperature of a body or substance, and is often used to indicate a temperature below freezing. For example, a cold day, a cold winter, or a cold night is a period of time with low temperatures.",Qwen2,Qwen/Qwen2.5-0.5B-Instruct-GGUF,False,False,P13,False,2.0,False,0.7,0.8441729545593262,10.35,14.36,13.66,10.85,9.16,8.18,55.45,13.1,5.52,28.6,5,97,465,151,17,64,15,6.83,0.11,"The term 'hot' and 'cold' are commonly used to describe temperature, but they have different meanings and connotations. 'Hot' is generally used to describe the temperature of an object, substance, or environment. For example, a hot cup of coffee or a hot oven are examples of objects with high temperature. On the other hand, 'cold' is generally used to describe the temperature of a body or substance, and is often used to indicate a temperature below freezing. For example, a cold day, a cold winter, or a cold night is a period of time with low temperatures.",,,
e6b95c88-6377-43d6-90c6-09d382df1fa7,2025-10-05T19:12:30.439422,Qwen2_weighted,What is the difference between 'hot' and 'cold'?,You are a helpful English teacher for beginner students. Answer with a paragraph only with plain text,"The term 'hot' and 'cold' are used in a metaphorical sense, but they can also be used literally to refer to the temperature of a medium. 'Hot' is typically used to describe a hot, high-temperature environment, while 'cold' is used to describe a cold, low-temperature environment. In the context of cooking, for instance, we might say that the food is 'hot' for a good reason, while 'cold' refers to the dish's temperature. However, the term 'hot' and 'cold' are not synonymous.",Qwen2,Qwen/Qwen2.5-0.5B-Instruct-GGUF,True,False,P13,True,2.0,False,0.7,0.8285419940948486,10.23,13.53,13.02,11.78,8.95,7.76,57.81,13.12,5.29,30.25,4,81,397,123,12,60,13,5.83,0.1,"The term 'hot' and 'cold' are used in a metaphorical sense, but they can also be used literally to refer to the temperature of a medium. 'Hot' is typically used to describe a hot, high-temperature environment, while 'cold' is used to describe a cold, low-temperature environment. In the context of cooking, for instance, we might say that the food is 'hot' for a good reason, while 'cold' refers to the dish's temperature. However, the term 'hot' and 'cold' are not synonymous.",,,
e442ad98-f40d-4e46-b185-0ee1e8300361,2025-10-05T19:12:31.131668,Qwen2_prompted,What is the difference between 'hot' and 'cold'?,You are a helpful English teacher for beginner students. Answer with a paragraph only with plain text,"The difference between 'hot' and 'cold' is a matter of temperature. In the context of everyday language, we can say that 'hot' refers to temperatures above 20 degrees Celsius (68 degrees Fahrenheit). On the other hand, 'cold' refers to temperatures below 0 degrees Celsius. It's important to note that 'cold' is a specific type of temperature, while 'hot' is a general category of temperature.",Qwen2,Qwen/Qwen2.5-0.5B-Instruct-GGUF,False,True,P13,False,2.0,False,0.7,0.6908559799194336,10.01,12.65,13.82,10.86,10.26,9.36,51.8,11.5,5.24,23.25,4,64,330,105,14,38,9,4.85,0.08,"The difference between 'hot' and 'cold' is a matter of temperature. In the context of everyday language, we can say that 'hot' refers to temperatures above 20 degrees Celsius (68 degrees Fahrenheit). On the other hand, 'cold' refers to temperatures below 0 degrees Celsius. It's important to note that 'cold' is a specific type of temperature, while 'hot' is a general category of temperature.",,,
8b096f29-1260-4fd9-9d60-748405ab8f36,2025-10-05T19:12:32.571528,Qwen2_weighted_prompted,What is the difference between 'hot' and 'cold'?,You are a helpful English teacher for beginner students. Answer with a paragraph only with plain text,"The difference between 'hot' and 'cold' is like a big, big, big, big, big, big, big, big, big, big, big, big, big, big, big, big, big, big, big, big, big, big, big, big, big, big, big, big, big, big, big, big, big, big, big, big, big, big, big, big, big, big, big, big, big, big, big, big, big, big, big, big, big, big, big, big, big, big, big, big, big, big, big, big, big, big, big, big, big, big, big, big, big, big, big, big, big, big, big, big, big, big, big, big, big, big, big, big, big, big, big, big, big, big",Qwen2,Qwen/Qwen2.5-0.5B-Instruct-GGUF,True,True,P13,True,2.0,False,0.7,1.4386358261108398,36.72,41.2,8.84,49.09,1.88,5.11,15.23,51.0,15.36,202.0,1,103,416,106,1,101,0,6.11,0.1,"The difference between 'hot' and 'cold' is like a big, big, big, big, big, big, big, big, big, big, big, big, big, big, big, big, big, big, big, big, big, big, big, big, big, big, big, big, big, big, big, big, big, big, big, big, big, big, big, big, big, big, big, big, big, big, big, big, big, big, big, big, big, big, big, big, big, big, big, big, big, big, big, big, big, big, big, big, big, big, big, big, big, big, big, big, big, big, big, big, big, big, big, big, big, big, big, big, big, big, big, big, big, big",,,
4a1ade52-d7bf-4849-8538-7ed1fd538c0d,2025-10-05T19:12:33.036627,Qwen2_control,Can you describe your family?,You are a helpful English teacher for beginner students. Answer with a paragraph only with plain text,"As an AI language model, I do not have a family in the traditional sense, as I am not physically present in the world. However, I am designed to be an informative and helpful tool to all users, and I can provide information about a wide range of topics, including family, education, technology, and more.",Qwen2,Qwen/Qwen2.5-0.5B-Instruct-GGUF,False,False,P14,False,2.0,False,0.7,0.4634840488433838,14.44,16.09,15.9,13.73,8.43,9.02,40.49,18.75,6.59,42.0,2,55,250,90,10,36,12,3.67,0.06,"As an AI language model, I do not have a family in the traditional sense, as I am not physically present in the world. However, I am designed to be an informative and helpful tool to all users, and I can provide information about a wide range of topics, including family, education, technology, and more.",,,
3f7705d2-c124-457d-baba-2304421063bb,2025-10-05T19:12:33.798542,Qwen2_weighted,Can you describe your family?,You are a helpful English teacher for beginner students. Answer with a paragraph only with plain text,"As a language model, I do not have a personal family, but I can provide information about common aspects of families based on widely recognized cultural norms. Families are made up of individuals, often formed from a combination of blood and adoption, that are related in some way. They are typically composed of parents, children, and sometimes, aunts, uncles, or other family members. Family roles are often defined by roles, responsibilities, and expectations, which may vary depending on cultural, religious, and personal values.",Qwen2,Qwen/Qwen2.5-0.5B-Instruct-GGUF,True,False,P14,True,2.0,False,0.7,0.7602849006652832,13.83,16.49,15.9,14.54,13.03,11.32,32.88,15.38,6.77,28.25,4,83,451,150,20,44,27,6.63,0.11,"As a language model, I do not have a personal family, but I can provide information about common aspects of families based on widely recognized cultural norms. Families are made up of individuals, often formed from a combination of blood and adoption, that are related in some way. They are typically composed of parents, children, and sometimes, aunts, uncles, or other family members. Family roles are often defined by roles, responsibilities, and expectations, which may vary depending on cultural, religious, and personal values.",,,
40d4fceb-2929-42d3-b3c6-bacc5a726a82,2025-10-05T19:12:34.326285,Qwen2_prompted,Can you describe your family?,You are a helpful English teacher for beginner students. Answer with a paragraph only with plain text,"Sure, I can describe my family. My family consists of me and my parents. My parents are the ones who raised me and take care of me. My parents are husband and wife, and they have two children. The two children are me and my little sister. They are the ones who love me and care for me.",Qwen2,Qwen/Qwen2.5-0.5B-Instruct-GGUF,False,True,P14,False,2.0,False,0.7,0.5264492034912109,2.83,3.87,6.43,1.92,3.14,6.02,92.0,4.17,2.8,15.33,6,58,228,72,2,46,2,3.35,0.06,"Sure, I can describe my family. My family consists of me and my parents. My parents are the ones who raised me and take care of me. My parents are husband and wife, and they have two children. The two children are me and my little sister. They are the ones who love me and care for me.",,,
856b9504-d500-45ee-a9e3-ba9819e7ec24,2025-10-05T19:12:34.797006,Qwen2_weighted_prompted,Can you describe your family?,You are a helpful English teacher for beginner students. Answer with a paragraph only with plain text,"Sure! My family is made up of three people. My mom, dad, and I. We are all pretty close. My mom works at a big office, and my dad works in a factory. We all have big, round, and big eyes. We also have a dog, and it's our best friend.",Qwen2,Qwen/Qwen2.5-0.5B-Instruct-GGUF,True,True,P14,True,2.0,False,0.7,0.46951889991760254,1.61,3.4,6.43,-0.28,-0.06,5.61,98.68,3.58,2.04,14.0,6,51,183,60,2,44,0,2.69,0.04,"Sure! My family is made up of three people. My mom, dad, and I. We are all pretty close. My mom works at a big office, and my dad works in a factory. We all have big, round, and big eyes. We also have a dog, and it's our best friend.",,,
3eda1b3c-665b-45a3-b5b2-168d657d8a6d,2025-10-05T19:12:35.143137,Qwen2_control,What foods do you eat for lunch?,You are a helpful English teacher for beginner students. Answer with a paragraph only with plain text,"I'm sorry, but I am a language model created to assist with text-based tasks and can't eat. I can assist with tasks like creating text-based responses to questions and answering questions to the best of my ability.",Qwen2,Qwen/Qwen2.5-0.5B-Instruct-GGUF,False,False,P15,False,2.0,False,0.7,0.34458398818969727,9.17,12.81,12.16,10.48,9.41,10.96,62.3,11.75,5.77,26.5,2,37,178,55,5,25,8,2.61,0.04,"I'm sorry, but I am a language model created to assist with text-based tasks and can't eat. I can assist with tasks like creating text-based responses to questions and answering questions to the best of my ability.",,,
f7cb2d55-913b-4a33-b075-5ece16b2c156,2025-10-05T19:12:35.712635,Qwen2_weighted,What foods do you eat for lunch?,You are a helpful English teacher for beginner students. Answer with a paragraph only with plain text,"As a language model, I don't eat, but I can provide information about what people eat for lunch. Commonly, people eat lunch consisting of a combination of four main foods: bread, a protein source, a salad, and a side dish. A typical lunch also includes vegetables, fruits, or snacks. It is essential to maintain a balanced diet for a healthy and well-rounded lifestyle.",Qwen2,Qwen/Qwen2.5-0.5B-Instruct-GGUF,True,False,P15,True,2.0,False,0.7,0.5680210590362549,8.53,11.38,11.21,9.4,9.2,9.68,61.93,8.88,5.24,22.25,4,63,307,96,8,40,16,4.51,0.08,"As a language model, I don't eat, but I can provide information about what people eat for lunch. Commonly, people eat lunch consisting of a combination of four main foods: bread, a protein source, a salad, and a side dish. A typical lunch also includes vegetables, fruits, or snacks. It is essential to maintain a balanced diet for a healthy and well-rounded lifestyle.",,,
388e2020-db72-47da-afd6-ed7b1ad1ac22,2025-10-05T19:12:36.326077,Qwen2_prompted,What foods do you eat for lunch?,You are a helpful English teacher for beginner students. Answer with a paragraph only with plain text,"For lunch, I eat mostly sandwiches or wraps. I also eat fruits and vegetables to keep healthy. Sometimes I also have a salad or a fruit salad. I like to eat a little bit of pizza too, but I try to eat it only a few times a week. I don't eat many other foods like ice cream or chocolate. I just eat a balanced diet for lunch.",Qwen2,Qwen/Qwen2.5-0.5B-Instruct-GGUF,False,True,P15,False,2.0,False,0.7,0.612084150314331,3.93,5.71,6.43,2.04,2.74,6.29,87.09,5.0,3.07,17.33,6,68,257,87,2,51,5,3.78,0.06,"For lunch, I eat mostly sandwiches or wraps. I also eat fruits and vegetables to keep healthy. Sometimes I also have a salad or a fruit salad. I like to eat a little bit of pizza too, but I try to eat it only a few times a week. I don't eat many other foods like ice cream or chocolate. I just eat a balanced diet for lunch.",,,
7dd67466-8139-4102-aa36-6e31337b59a6,2025-10-05T19:12:36.690667,Qwen2_weighted_prompted,What foods do you eat for lunch?,You are a helpful English teacher for beginner students. Answer with a paragraph only with plain text,"I eat lunch at school. I eat a lot of different foods, like chicken, vegetables, fruits, and rice. I also eat a little bit of something else, like cookies. I eat it all in a yummy way, with my friends.",Qwen2,Qwen/Qwen2.5-0.5B-Instruct-GGUF,True,True,P15,True,2.0,False,0.7,0.3634181022644043,3.06,5.0,7.17,2.65,3.28,6.11,90.94,4.5,2.68,15.5,4,40,162,50,2,32,2,2.38,0.04,"I eat lunch at school. I eat a lot of different foods, like chicken, vegetables, fruits, and rice. I also eat a little bit of something else, like cookies. I eat it all in a yummy way, with my friends.",,,
5aefab9c-a334-4f42-b067-ec3a93d3d6dd,2025-10-05T19:12:42.351482,Qwen3_control,What does the word 'library' mean?,You are a helpful English teacher for beginner students. Answer with a paragraph only with plain text,"The word **""",Qwen3,ggml-org/Qwen3-0.6B-GGUF,False,False,P1,False,2.0,False,0.7,1.9257850646972656,-3.01,0.8,3.13,-7.87,-10.3,0.1,120.21,0.0,1.12,3.0,1,2,8,2,0,2,0,0.12,0.0,"The word """,,,
2bb1a02f-e215-4f37-89a4-e4e14aec0bd2,2025-10-05T19:12:44.033934,Qwen3_weighted,What does the word 'library' mean?,You are a helpful English teacher for beginner students. Answer with a paragraph only with plain text,"A library is a place where people gather to read books, magazines, and other materials. It can be a school library, a bookstore, or even a community center. Libraries",Qwen3,ggml-org/Qwen3-0.6B-GGUF,True,False,P1,True,2.0,False,0.7,1.680922031402588,10.0,11.32,13.02,8.23,8.56,7.62,49.17,10.25,4.37,20.5,2,29,138,49,6,17,5,2.03,0.03,"A library is a place where people gather to read books, magazines, and other materials. It can be a school library, a bookstore, or even a community center. Libraries",,,
da81c8d3-c280-4000-b853-7cde6fc190b4,2025-10-05T19:12:45.744074,Qwen3_prompted,What does the word 'library' mean?,You are a helpful English teacher for beginner students. Answer with a paragraph only with plain text,"What does the word *library* mean? It's a place where you can read books, maybe even have books stored. A library is like a classroom, but it's for books. So it's a place where people learn and read.",Qwen3,ggml-org/Qwen3-0.6B-GGUF,False,True,P1,False,2.0,False,0.7,1.7087149620056152,2.4,3.8,7.17,3.15,4.13,5.77,94.78,4.25,2.18,13.25,4,38,160,46,2,32,0,2.35,0.04,"What does the word library mean? It's a place where you can read books, maybe even have books stored. A library is like a classroom, but it's for books. So it's a place where people learn and read.",,,
ec98accd-8913-4952-bb34-49dc6e7ff42d,2025-10-05T19:12:47.455087,Qwen3_weighted_prompted,What does the word 'library' mean?,You are a helpful English teacher for beginner students. Answer with a paragraph only with plain text,"<think>
Okay, the user is asking, ""What does the word 'library' mean?"" and wants a simple answer. Let me start by breaking down the question. The user might be a young student who's just beginning English learning, so I need to explain the word in simple terms.

First, I should define a library. A library is a place where people can read books, maybe even a book club. But I should make sure to keep it simple. Using the word ""bookshop"" might be better. Then, maybe mention that it's a place where people can find books, so it's like a bookstore. But wait, ""bookshop"" is more like a place that sells books, not just reading. Hmm, maybe ""bookshop"" is the right word here. Let me confirm. Yes, a library is a place where people can read books, so that's correct. Also, maybe include that it's like a bookstore, but with a focus on reading.",Qwen3,ggml-org/Qwen3-0.6B-GGUF,True,True,P1,True,2.0,False,0.7,1.7085909843444824,4.18,4.4,6.54,5.02,5.61,6.85,84.7,5.0,3.4,15.0,14,154,685,202,5,111,14,10.06,0.17,"<think> Okay, the user is asking, ""What does the word 'library' mean?"" and wants a simple answer. Let me start by breaking down the question. The user might be a young student who's just beginning English learning, so I need to explain the word in simple terms. First, I should define a library. A library is a place where people can read books, maybe even a book club. But I should make sure to keep it simple. Using the word ""bookshop"" might be better. Then, maybe mention that it's a place where people can find books, so it's like a bookstore. But wait, ""bookshop"" is more like a place that sells books, not just reading. Hmm, maybe ""bookshop"" is the right word here. Let me confirm. Yes, a library is a place where people can read books, so that's correct. Also, maybe include that it's like a bookstore, but with a focus on reading.",,,
8d529990-6a5f-45f0-8876-9306d91ee15c,2025-10-05T19:12:49.055894,Qwen3_control,How do I introduce myself in English?,You are a helpful English teacher for beginner students. Answer with a paragraph only with plain text,"To introduce yourself in English, start with a friendly greeting, like ""Hi, how can I help you today?"" Then mention your name and a brief interest or activity. For example, ""Hi! My name is [Your Name], and I love [interest or activity]."" End with a sign-off, such as ""You're welcome",Qwen3,ggml-org/Qwen3-0.6B-GGUF,False,False,P2,False,2.0,False,0.7,1.599010944366455,4.83,7.2,8.24,5.52,5.83,7.92,78.25,4.8,3.8,14.2,5,50,233,70,4,36,7,3.42,0.06,"To introduce yourself in English, start with a friendly greeting, like ""Hi, how can I help you today?"" Then mention your name and a brief interest or activity. For example, ""Hi! My name is [Your Name], and I love [interest or activity]."" End with a sign-off, such as ""You're welcome",,,
6b70e997-0ce0-430d-b0d9-4541f492ff1f,2025-10-05T19:12:50.669300,Qwen3_weighted,How do I introduce myself in English?,You are a helpful English teacher for beginner students. Answer with a paragraph only with plain text,"<think>
Okay, the user is asking how to introduce themselves in English. Let me start by breaking down the main points. First, I need to provide a simple and clear structure. Introducing oneself in English is straightforward, so maybe a common structure is ""Hello, my name is [name], and I am [age]."" But that's more of a greeting. Wait, actually, the user might be looking for a more personalized approach. Let me think. In many countries, especially in the US, the standard is to say ""Hi, my name is [name], and I am [age]."" But maybe they want something more personal. Alternatively, using a common template: ""Hi, how are you? My name is [name]."" Or maybe include a sentence about their interests. Let me check. Oh, right, in many countries, it's common to say ""Hi, my name is [name]."" But maybe the user is from a different country. For example, in some",Qwen3,ggml-org/Qwen3-0.6B-GGUF,True,False,P2,True,2.0,False,0.7,1.6114428043365479,4.81,6.17,7.65,5.2,5.81,8.06,77.53,5.22,4.05,14.12,16,152,706,215,10,104,27,10.37,0.17,"<think> Okay, the user is asking how to introduce themselves in English. Let me start by breaking down the main points. First, I need to provide a simple and clear structure. Introducing oneself in English is straightforward, so maybe a common structure is ""Hello, my name is [name], and I am [age]."" But that's more of a greeting. Wait, actually, the user might be looking for a more personalized approach. Let me think. In many countries, especially in the US, the standard is to say ""Hi, my name is [name], and I am [age]."" But maybe they want something more personal. Alternatively, using a common template: ""Hi, how are you? My name is [name]."" Or maybe include a sentence about their interests. Let me check. Oh, right, in many countries, it's common to say ""Hi, my name is [name]."" But maybe the user is from a different country. For example, in some",,,
c485fcd7-3fa4-4fa7-b875-2b04d2027148,2025-10-05T19:12:52.367214,Qwen3_prompted,How do I introduce myself in English?,You are a helpful English teacher for beginner students. Answer with a paragraph only with plain text,"<think>
Okay, the user is asking how to introduce themselves in English. Let me start by understanding what a simple introduction would be. For a young non-English speaker, the easiest way is to use ""Hello!"" which is very common. Then, they can say ""I'm [name]."" But maybe they need to add more details. Like, if they're going to a party or something. So I can suggest including a name, maybe a date, or a place. But keeping it simple. Maybe ""Hi! My name is [name], and I'm [something]."" But if they're just asking for a template, maybe just ""Hello! My name is [name]."" But maybe the user needs to practice. So, perhaps the answer should be a straightforward sentence. Let me structure it: ""Hello! My name is [name]."" And then maybe add a sentence about a future event, like ""I'll be there for dinner."" But keeping it short. So the final",Qwen3,ggml-org/Qwen3-0.6B-GGUF,False,True,P2,False,2.0,False,0.7,1.6958422660827637,3.61,4.77,6.34,3.97,4.56,6.96,83.35,4.0,3.27,11.68,19,151,687,206,6,104,20,10.09,0.17,"<think> Okay, the user is asking how to introduce themselves in English. Let me start by understanding what a simple introduction would be. For a young non-English speaker, the easiest way is to use ""Hello!"" which is very common. Then, they can say ""I'm [name]."" But maybe they need to add more details. Like, if they're going to a party or something. So I can suggest including a name, maybe a date, or a place. But keeping it simple. Maybe ""Hi! My name is [name], and I'm [something]."" But if they're just asking for a template, maybe just ""Hello! My name is [name]."" But maybe the user needs to practice. So, perhaps the answer should be a straightforward sentence. Let me structure it: ""Hello! My name is [name]."" And then maybe add a sentence about a future event, like ""I'll be there for dinner."" But keeping it short. So the final",,,
ebbcb28a-3fb3-4827-b371-de0db4d89228,2025-10-05T19:12:54.023141,Qwen3_weighted_prompted,How do I introduce myself in English?,You are a helpful English teacher for beginner students. Answer with a paragraph only with plain text,"<think>
Okay, the user is asking how to introduce themselves in English. Let me start by breaking down the question. The user might be a young student who's learning English, so the answer should be straightforward. The key is to provide a simple, clear, and helpful explanation.

First, I need to recall the basic structure of how to introduce oneself. In English, the common structure is ""Hello, my name is [name]."" But since the user might be a beginner, maybe they don't know that. So, I should guide them step by step.

Maybe start by saying ""Hello, my name is [name]."" But that's already the standard. To make it more engaging, perhaps mention that introducing oneself is a common way. Then, suggest some phrases, like ""My name is [name]."" But also, maybe include examples. For instance, ""My name is Lisa, and I'm a student here."" That's a good example. But maybe keep it simple.

I",Qwen3,ggml-org/Qwen3-0.6B-GGUF,True,True,P2,True,2.0,False,0.7,1.6540639400482178,4.94,6.2,7.65,5.63,6.51,7.89,76.92,5.11,4.2,13.56,16,155,731,220,10,102,29,10.74,0.18,"<think> Okay, the user is asking how to introduce themselves in English. Let me start by breaking down the question. The user might be a young student who's learning English, so the answer should be straightforward. The key is to provide a simple, clear, and helpful explanation. First, I need to recall the basic structure of how to introduce oneself. In English, the common structure is ""Hello, my name is [name]."" But since the user might be a beginner, maybe they don't know that. So, I should guide them step by step. Maybe start by saying ""Hello, my name is [name]."" But that's already the standard. To make it more engaging, perhaps mention that introducing oneself is a common way. Then, suggest some phrases, like ""My name is [name]."" But also, maybe include examples. For instance, ""My name is Lisa, and I'm a student here."" That's a good example. But maybe keep it simple. I",,,
975f5161-bd8f-4e55-8b57-eb6dec63c041,2025-10-05T19:12:55.594555,Qwen3_control,What is a dog?,You are a helpful English teacher for beginner students. Answer with a paragraph only with plain text,"A dog is a domesticated animal, which means it has been selectively bred and raised by people over time. They are often companions to their families and have strong social and emotional bonds. While they are not animals in the biological sense, they are still members of the canine family and are known for their loyalty, trainability, and ability",Qwen3,ggml-org/Qwen3-0.6B-GGUF,False,False,P3,False,2.0,False,0.7,1.5696828365325928,11.48,14.65,14.55,11.47,10.52,8.89,47.79,13.83,5.51,27.33,3,59,289,97,12,41,13,4.25,0.07,"A dog is a domesticated animal, which means it has been selectively bred and raised by people over time. They are often companions to their families and have strong social and emotional bonds. While they are not animals in the biological sense, they are still members of the canine family and are known for their loyalty, trainability, and ability",,,
d57fe97b-c63a-49bf-9a9f-37e0724e87d8,2025-10-05T19:12:57.196075,Qwen3_weighted,What is a dog?,You are a helpful English teacher for beginner students. Answer with a paragraph only with plain text,"A dog is a domesticated animal, meaning it's not born, but raised, and has been trained for companionship. While dogs are not the same as cats, they share many traits, such as loyalty, curiosity, and unconditional love.",Qwen3,ggml-org/Qwen3-0.6B-GGUF,True,False,P3,True,2.0,False,0.7,1.6004879474639893,10.12,12.81,13.02,11.12,9.72,9.25,55.44,12.25,4.84,26.5,2,37,183,58,6,29,6,2.69,0.04,"A dog is a domesticated animal, meaning it's not born, but raised, and has been trained for companionship. While dogs are not the same as cats, they share many traits, such as loyalty, curiosity, and unconditional love.",,,
a36341bd-1adf-49db-88dc-0a491bd1c3bc,2025-10-05T19:12:58.614738,Qwen3_prompted,What is a dog?,You are a helpful English teacher for beginner students. Answer with a paragraph only with plain text,"What is a dog? A dog is a pet. Dogs are loved by people, and they play games with you. 🐶❤️",Qwen3,ggml-org/Qwen3-0.6B-GGUF,False,True,P3,False,2.0,False,0.7,1.417773723602295,-0.6,2.67,3.13,-2.32,-1.97,6.34,111.24,2.33,1.78,10.67,3,20,67,21,0,19,0,0.98,0.02,"What is a dog? A dog is a pet. Dogs are loved by people, and they play games with you.",,,
014c8654-1e50-4a7d-bf05-b340bd600fa1,2025-10-05T19:12:59.856253,Qwen3_weighted_prompted,What is a dog?,You are a helpful English teacher for beginner students. Answer with a paragraph only with plain text,A dog is a animal! 🐾 A dog can sing and play games with friends. 😊,Qwen3,ggml-org/Qwen3-0.6B-GGUF,True,True,P3,True,2.0,False,0.7,1.2407360076904297,0.63,2.8,7.17,-1.45,-0.56,6.24,103.04,3.0,1.83,11.0,2,14,49,16,1,13,0,0.72,0.01,A dog is a animal! A dog can sing and play games with friends.,,,
723e413b-708f-4cd0-84c0-2b8338d8fb2c,2025-10-05T19:13:01.447587,Qwen3_control,Can you explain what 'breakfast' is?,You are a helpful English teacher for beginner students. Answer with a paragraph only with plain text,"<think>
Okay, the user is asking me to explain what ""breakfast"" is. Let me start by breaking down the definition. Breakfast is a time of eating, right? It's usually consumed at a certain time of day. But how exactly is it defined?

I need to mention the different types of meals. There's breakfast, lunch, dinner, and dinner. But maybe the user is just asking for the basic meaning. So, I can say that breakfast is the first meal of the day, typically consumed in the morning. But maybe I should explain that it can vary by culture and time of day. For example, in some countries, breakfast is served at different times, like in some Asian countries, breakfast is eaten in the morning, while in others, it's done in the evening.

I should also mention that breakfast is often a time for some activities, like getting up or working, but that's more of a social aspect. But maybe the user just wants a simple definition",Qwen3,ggml-org/Qwen3-0.6B-GGUF,False,False,P4,False,2.0,False,0.7,1.589385986328125,6.09,6.77,7.88,6.35,7.04,7.81,73.97,4.5,4.24,18.38,13,165,751,234,9,109,24,11.03,0.18,"<think> Okay, the user is asking me to explain what ""breakfast"" is. Let me start by breaking down the definition. Breakfast is a time of eating, right? It's usually consumed at a certain time of day. But how exactly is it defined? I need to mention the different types of meals. There's breakfast, lunch, dinner, and dinner. But maybe the user is just asking for the basic meaning. So, I can say that breakfast is the first meal of the day, typically consumed in the morning. But maybe I should explain that it can vary by culture and time of day. For example, in some countries, breakfast is served at different times, like in some Asian countries, breakfast is eaten in the morning, while in others, it's done in the evening. I should also mention that breakfast is often a time for some activities, like getting up or working, but that's more of a social aspect. But maybe the user just wants a simple definition",,,
5680f886-8c81-40b0-9e74-8f3a8d7a8b9c,2025-10-05T19:13:03.163128,Qwen3_weighted,Can you explain what 'breakfast' is?,You are a helpful English teacher for beginner students. Answer with a paragraph only with plain text,"Breakfast is a meal consumed in the morning, typically eaten in the early hours. It is a common part of the day, often enjoyed with friends or family. However, people might also have breakfast at night,",Qwen3,ggml-org/Qwen3-0.6B-GGUF,True,False,P4,True,2.0,False,0.7,1.7141642570495605,6.79,5.91,8.84,6.42,7.67,6.86,67.76,6.0,3.73,16.67,3,36,167,54,3,21,5,2.45,0.04,"Breakfast is a meal consumed in the morning, typically eaten in the early hours. It is a common part of the day, often enjoyed with friends or family. However, people might also have breakfast at night,",,,
3567f6fb-75d0-48b8-b379-1967bf687a76,2025-10-05T19:13:04.584713,Qwen3_prompted,Can you explain what 'breakfast' is?,You are a helpful English teacher for beginner students. Answer with a paragraph only with plain text,"Breakfast is a meal you eat in the morning. It usually includes food like fruits, drinks, and maybe some bread. It's important to eat breakfast because it helps your body get the energy to go to school or work.",Qwen3,ggml-org/Qwen3-0.6B-GGUF,False,True,P4,False,2.0,False,0.7,1.4201560020446777,5.52,7.25,8.84,5.84,6.61,6.71,78.67,6.5,3.33,19.0,3,39,172,53,3,29,3,2.53,0.04,"Breakfast is a meal you eat in the morning. It usually includes food like fruits, drinks, and maybe some bread. It's important to eat breakfast because it helps your body get the energy to go to school or work.",,,
c79974e7-047d-4f8f-a2bf-edee5645796f,2025-10-05T19:13:06.554768,Qwen3_weighted_prompted,Can you explain what 'breakfast' is?,You are a helpful English teacher for beginner students. Answer with a paragraph only with plain text,"Breakfast is the first meal of the day, so you eat it when you get up. If you're in the morning, breakfast is the first meal you have.",Qwen3,ggml-org/Qwen3-0.6B-GGUF,True,True,P4,True,2.0,False,0.7,1.9681079387664795,2.93,5.6,3.13,3.57,3.21,0.69,98.96,6.0,2.81,23.0,2,28,107,31,0,25,0,1.57,0.03,"Breakfast is the first meal of the day, so you eat it when you get up. If you're in the morning, breakfast is the first meal you have.",,,
4f405c71-e52f-4ca1-9fd3-6f216ed20813,2025-10-05T19:13:08.182419,Qwen3_control,What is the difference between 'big' and 'large'?,You are a helpful English teacher for beginner students. Answer with a paragraph only with plain text,"Big and large are two related but distinct terms. ""Big"" can mean large in a general sense—anything that is big in size, like a room or a room. ""Large"" is more specific, indicating that something is bigger in a particular context, like the size of a room or the size of a room. For",Qwen3,ggml-org/Qwen3-0.6B-GGUF,False,False,P5,False,2.0,False,0.7,1.6251111030578613,6.94,10.16,10.5,7.37,5.76,6.87,77.33,10.67,4.49,27.0,3,54,227,71,5,44,7,3.33,0.06,"Big and large are two related but distinct terms. ""Big"" can mean large in a general sense—anything that is big in size, like a room or a room. ""Large"" is more specific, indicating that something is bigger in a particular context, like the size of a room or the size of a room. For",,,
8b3b604f-5416-4787-b682-507b7169bc91,2025-10-05T19:13:09.803680,Qwen3_weighted,What is the difference between 'big' and 'large'?,You are a helpful English teacher for beginner students. Answer with a paragraph only with plain text,"Big and large are two different words, each with its own nuance. ""Big"" is primarily used to describe something as large in quantity, like a big car or a big house. On the other hand, ""large"" is often used to describe something that's bigger in size",Qwen3,ggml-org/Qwen3-0.6B-GGUF,True,False,P5,True,2.0,False,0.7,1.6167418956756592,6.04,7.87,8.84,7.02,6.6,5.77,79.08,7.67,3.56,22.67,3,46,203,61,3,35,3,2.98,0.05,"Big and large are two different words, each with its own nuance. ""Big"" is primarily used to describe something as large in quantity, like a big car or a big house. On the other hand, ""large"" is often used to describe something that's bigger in size",,,
0fced285-838b-4567-b923-6c9edf2fad47,2025-10-05T19:13:11.410002,Qwen3_prompted,What is the difference between 'big' and 'large'?,You are a helpful English teacher for beginner students. Answer with a paragraph only with plain text,"Big means something is large in size, but not necessarily so big. Large means something is big or big enough. For example, a car is big, but a car is also large. A house is large, but a house can be small. So, big and large are different in meaning.",Qwen3,ggml-org/Qwen3-0.6B-GGUF,False,True,P5,False,2.0,False,0.7,1.604938268661499,3.18,5.6,7.55,2.41,3.28,5.08,90.09,4.6,2.76,16.2,5,50,200,63,3,42,3,2.94,0.05,"Big means something is large in size, but not necessarily so big. Large means something is big or big enough. For example, a car is big, but a car is also large. A house is large, but a house can be small. So, big and large are different in meaning.",,,
cd0d7290-5b0b-438a-9295-1c91574a09d4,2025-10-05T19:13:13.078327,Qwen3_weighted_prompted,What is the difference between 'big' and 'large'?,You are a helpful English teacher for beginner students. Answer with a paragraph only with plain text,"Big and large are both used for big things, but ""big"" often means ""big in a specific way,"" while ""large"" is more about being",Qwen3,ggml-org/Qwen3-0.6B-GGUF,True,True,P5,True,2.0,False,0.7,1.6671781539916992,8.03,11.27,8.84,10.39,5.44,6.14,80.25,13.0,4.58,36.0,1,24,101,29,1,20,1,1.48,0.02,"Big and large are both used for big things, but ""big"" often means ""big in a specific way,"" while ""large"" is more about being",,,
19aef4ce-8da1-4f2f-9324-3b8f1a8d2ab4,2025-10-05T19:13:14.413552,Qwen3_control,Can you tell me about your favorite animal?,You are a helpful English teacher for beginner students. Answer with a paragraph only with plain text,"I don't have personal feelings or preferences, but I can be curious and ask you to share your favorite animal. What's your favorite one?",Qwen3,ggml-org/Qwen3-0.6B-GGUF,False,False,P6,False,2.0,False,0.7,1.3335812091827393,7.77,9.8,13.02,6.75,7.83,6.86,60.71,8.0,3.96,17.5,2,24,113,38,6,17,4,1.66,0.03,"I don't have personal feelings or preferences, but I can be curious and ask you to share your favorite animal. What's your favorite one?",,,
402b8587-3b23-49a8-a8c7-6f8da60804e8,2025-10-05T19:13:16.167643,Qwen3_weighted,Can you tell me about your favorite animal?,You are a helpful English teacher for beginner students. Answer with a paragraph only with plain text,"As a student, I can't really talk about animals, but I",Qwen3,ggml-org/Qwen3-0.6B-GGUF,True,False,P6,True,2.0,False,0.7,1.7529151439666748,5.86,8.04,8.84,2.91,3.13,7.05,72.62,5.5,3.95,16.0,1,11,44,16,1,7,2,0.65,0.01,"As a student, I can't really talk about animals, but I",,,
32c6dc5a-14c7-4935-a4c7-a7eb5664abd0,2025-10-05T19:13:17.925785,Qwen3_prompted,Can you tell me about your favorite animal?,You are a helpful English teacher for beginner students. Answer with a paragraph only with plain text,My favorite animal is a dove! Doves are special because they,Qwen3,ggml-org/Qwen3-0.6B-GGUF,False,True,P6,False,2.0,False,0.7,1.7563331127166748,4.79,2.2,8.84,2.73,4.65,6.78,70.51,2.75,2.4,7.5,2,11,50,17,2,7,1,0.73,0.01,My favorite animal is a dove! Doves are special because they,,,
21af68a3-07bd-411e-b86d-19be87081fd9,2025-10-05T19:13:19.088998,Qwen3_weighted_prompted,Can you tell me about your favorite animal?,You are a helpful English teacher for beginner students. Answer with a paragraph only with plain text,My favorite animal is a dog. They like to play and eat with me! 🐗,Qwen3,ggml-org/Qwen3-0.6B-GGUF,True,True,P6,True,2.0,False,0.7,1.1618072986602783,2.31,2.8,8.84,-1.11,-0.14,0.35,90.96,3.5,1.83,11.0,2,14,50,18,2,12,0,0.73,0.01,My favorite animal is a dog. They like to play and eat with me!,,,
46f030bd-8b54-4361-b744-55343bf02b87,2025-10-05T19:13:20.923312,Qwen3_control,What colors do you see in a rainbow?,You are a helpful English teacher for beginner students. Answer with a paragraph only with plain text,"<think>
Okay, the user is asking, ""What colors do you see in a rainbow?"" Let me start by recalling that a rainbow is created when sunlight travels through different layers of water, and they refract and bend the light. So, the colors of a rainbow are arranged in a specific sequence. The colors are red, orange, yellow, green, blue, indigo, and violet. But wait, when you see a rainbow, it's often a single rainbow in the sky, which is a single arrangement. The colors are arranged in a specific order. The colors are red, orange, yellow, green, blue, indigo, and violet. So, the answer is that a rainbow has seven colors, arranged in the order of red, orange, yellow, green, blue, indigo, and violet. But the user might not know that. Also, maybe mention that the colors are visible when you look at a rainbow, like in the sky. So, the answer should",Qwen3,ggml-org/Qwen3-0.6B-GGUF,False,False,P7,False,2.0,False,0.7,1.8307390213012695,7.03,7.92,9.34,7.01,6.83,7.22,69.41,7.43,4.37,20.18,11,153,698,223,13,96,16,10.25,0.17,"<think> Okay, the user is asking, ""What colors do you see in a rainbow?"" Let me start by recalling that a rainbow is created when sunlight travels through different layers of water, and they refract and bend the light. So, the colors of a rainbow are arranged in a specific sequence. The colors are red, orange, yellow, green, blue, indigo, and violet. But wait, when you see a rainbow, it's often a single rainbow in the sky, which is a single arrangement. The colors are arranged in a specific order. The colors are red, orange, yellow, green, blue, indigo, and violet. So, the answer is that a rainbow has seven colors, arranged in the order of red, orange, yellow, green, blue, indigo, and violet. But the user might not know that. Also, maybe mention that the colors are visible when you look at a rainbow, like in the sky. So, the answer should",,,
0cb7ff6d-538a-448a-936f-7a58f13f8e94,2025-10-05T19:13:22.553867,Qwen3_weighted,What colors do you see in a rainbow?,You are a helpful English teacher for beginner students. Answer with a paragraph only with plain text,"<think>
Okay, the user is asking, ""What colors do you see in a rainbow?"" Hmm, so they want to know the colors in a rainbow. Let me think. First, I remember that a rainbow is created when sunlight is refracted and reflected in a prism. The colors are visible, right? But maybe I should explain it step by step.

Starting with, ""A rainbow is created when sunlight is refracted and reflected in a prism."" That's a good beginning. Then, I need to mention the colors. The standard answer would list seven colors: red, orange, yellow, green, blue, indigo, violet. Wait, are there more? Or is that all? Let me confirm. Yeah, that's seven. But sometimes people say eight, but that's not correct. So, just list the seven. Then, maybe add that the colors are visible. But wait, the question is about what colors, so maybe just list them. But maybe mention that",Qwen3,ggml-org/Qwen3-0.6B-GGUF,True,False,P7,True,2.0,False,0.7,1.627500057220459,4.22,5.57,7.67,4.2,5.3,6.94,79.05,5.1,3.44,11.16,19,152,698,215,12,101,14,10.25,0.17,"<think> Okay, the user is asking, ""What colors do you see in a rainbow?"" Hmm, so they want to know the colors in a rainbow. Let me think. First, I remember that a rainbow is created when sunlight is refracted and reflected in a prism. The colors are visible, right? But maybe I should explain it step by step. Starting with, ""A rainbow is created when sunlight is refracted and reflected in a prism."" That's a good beginning. Then, I need to mention the colors. The standard answer would list seven colors: red, orange, yellow, green, blue, indigo, violet. Wait, are there more? Or is that all? Let me confirm. Yeah, that's seven. But sometimes people say eight, but that's not correct. So, just list the seven. Then, maybe add that the colors are visible. But wait, the question is about what colors, so maybe just list them. But maybe mention that",,,
594961ca-1b5c-4741-807e-29e824a138ef,2025-10-05T19:13:24.160896,Qwen3_prompted,What colors do you see in a rainbow?,You are a helpful English teacher for beginner students. Answer with a paragraph only with plain text,"A rainbow is made of different colors! The basic colors are red, orange, yellow, green, blue, and violet. They look different in different parts, like near the top or the bottom. Just like a rainbow in the sky! 🎀",Qwen3,ggml-org/Qwen3-0.6B-GGUF,False,True,P7,False,2.0,False,0.7,1.6055591106414795,4.88,3.8,8.84,4.76,5.96,5.77,76.97,4.75,2.86,13.5,4,38,173,54,4,26,2,2.54,0.04,"A rainbow is made of different colors! The basic colors are red, orange, yellow, green, blue, and violet. They look different in different parts, like near the top or the bottom. Just like a rainbow in the sky!",,,
0ac7a574-5794-4f25-9640-481b7f1391b7,2025-10-05T19:13:25.812423,Qwen3_weighted_prompted,What colors do you see in a rainbow?,You are a helpful English teacher for beginner students. Answer with a paragraph only with plain text,"Oh! A rainbow! It's like a big color box. The colors are red,",Qwen3,ggml-org/Qwen3-0.6B-GGUF,True,True,P7,True,2.0,False,0.7,1.6504621505737305,1.47,2.6,3.13,-0.43,-0.72,5.17,96.11,2.25,2.42,11.0,2,13,49,16,0,10,1,0.72,0.01,"Oh! A rainbow! It's like a big color box. The colors are red,",,,
b13fdcf0-ec5a-42d5-a6af-28dbb9a43fe8,2025-10-05T19:13:27.894942,Qwen3_control,Can you describe what happens in the morning?What does 'happy' mean?,You are a helpful English teacher for beginner students. Answer with a paragraph only with plain text,"In the morning, people",Qwen3,ggml-org/Qwen3-0.6B-GGUF,False,False,P8,False,2.0,False,0.7,2.0809950828552246,3.67,1.6,3.13,2.94,2.9,0.2,75.88,1.0,1.4,6.0,1,4,19,6,0,2,0,0.28,0.0,"In the morning, people",,,
3c8e6efc-7f81-4c44-8764-7262fb6ca24c,2025-10-05T19:13:29.527690,Qwen3_weighted,Can you describe what happens in the morning?What does 'happy' mean?,You are a helpful English teacher for beginner students. Answer with a paragraph only with plain text,"Morning is when you get up, eat breakfast, do something fun, and get ready. It's all about waking up naturally, not forced, and enjoying the moment. In the morning, you might start with a walk, a shower, or a break. The key is to feel happy, not",Qwen3,ggml-org/Qwen3-0.6B-GGUF,True,False,P8,True,2.0,False,0.7,1.6308090686798096,4.56,6.4,7.17,4.39,4.63,5.56,83.31,5.38,3.04,18.5,4,47,199,62,2,35,3,2.92,0.05,"Morning is when you get up, eat breakfast, do something fun, and get ready. It's all about waking up naturally, not forced, and enjoying the moment. In the morning, you might start with a walk, a shower, or a break. The key is to feel happy, not",,,
baee6549-6da8-4bb2-a673-24dfd3d8d892,2025-10-05T19:13:31.267085,Qwen3_prompted,Can you describe what happens in the morning?What does 'happy' mean?,You are a helpful English teacher for beginner students. Answer with a paragraph only with plain text,"In the morning, you wake up, get up, eat breakfast, and maybe do some fun activities, like playing games or reading. '",Qwen3,ggml-org/Qwen3-0.6B-GGUF,False,True,P8,False,2.0,False,0.7,1.7381489276885986,8.9,10.3,8.84,9.84,7.65,6.93,68.69,11.5,4.62,32.0,1,21,97,29,1,15,2,1.42,0.02,"In the morning, you wake up, get up, eat breakfast, and maybe do some fun activities, like playing games or reading. '",,,
e75940a1-f423-4d52-9e20-ee7be2f9fb27,2025-10-05T19:13:32.655037,Qwen3_weighted_prompted,Can you describe what happens in the morning?What does 'happy' mean?,You are a helpful English teacher for beginner students. Answer with a paragraph only with plain text,"Morning is when you wake up, get ready, do chores, and enjoy a warm meal. *Happy* means feeling happy, like smiling or having fun. In the morning, you might say, ""I am happy today!"" 🌞😊",Qwen3,ggml-org/Qwen3-0.6B-GGUF,True,True,P8,True,2.0,False,0.7,1.3867077827453613,4.45,4.53,3.13,4.46,4.62,5.59,83.36,4.67,2.94,16.33,3,34,146,45,0,23,2,2.14,0.04,"Morning is when you wake up, get ready, do chores, and enjoy a warm meal. Happy means feeling happy, like smiling or having fun. In the morning, you might say, ""I am happy today!""",,,
327f52f9-0bba-4714-a391-1831b572e9e8,2025-10-05T19:13:34.248474,Qwen3_control,How do you say goodbye in English?,You are a helpful English teacher for beginner students. Answer with a paragraph only with plain text,"<think>
Okay, the user is asking how to say ""goodbye"" in English. First, I need to make sure I understand the context. Since they're a beginner, they might be learning English, so I should provide a simple, clear explanation.

The user might be a student or someone trying to learn English. So, the answer should be straightforward. The common way to say ""goodbye"" is ""Goodbye!"" But maybe they need a more natural example. For example, ""Goodbye, Maya!"" or ""Goodbye, everyone!"" That's a common phrase.

I should also mention that ""I'll see you later"" is another way, but maybe the user is just asking for the phrase. So, the key is to present the phrase in English, maybe with a smiley face to make it look friendly. Also, ensure that the explanation is simple and not too complex for a beginner. That way, they can use it in their own sentences when they're ready",Qwen3,ggml-org/Qwen3-0.6B-GGUF,False,False,P9,False,2.0,False,0.7,1.5907509326934814,5.56,6.72,8.42,5.86,6.66,7.38,74.65,4.36,3.95,15.71,14,153,709,219,12,101,21,10.42,0.17,"<think> Okay, the user is asking how to say ""goodbye"" in English. First, I need to make sure I understand the context. Since they're a beginner, they might be learning English, so I should provide a simple, clear explanation. The user might be a student or someone trying to learn English. So, the answer should be straightforward. The common way to say ""goodbye"" is ""Goodbye!"" But maybe they need a more natural example. For example, ""Goodbye, Maya!"" or ""Goodbye, everyone!"" That's a common phrase. I should also mention that ""I'll see you later"" is another way, but maybe the user is just asking for the phrase. So, the key is to present the phrase in English, maybe with a smiley face to make it look friendly. Also, ensure that the explanation is simple and not too complex for a beginner. That way, they can use it in their own sentences when they're ready",,,
a8f0333d-3c71-4ea7-9563-3f1f26a20370,2025-10-05T19:13:35.937328,Qwen3_weighted,How do you say goodbye in English?,You are a helpful English teacher for beginner students. Answer with a paragraph only with plain text,"<think>
Okay, the user is asking, ""How do you say goodbye in English?"" So, first, I need to provide a straightforward answer. I remember that ""goodbye"" is a common phrase, but maybe the user is just looking for the basic structure. Let me think. The primary way to say goodbye is ""goodbye!"" But there are other expressions. Like, ""see you later!"" or ""goodbye, please."" Those add more variety. But maybe I should list the common ones. Also, sometimes people say ""may we meet soon,"" but that's more for meetings. Wait, maybe the user is just asking for the standard way. In most cases, ""goodbye!"" is the most common. But maybe they need to know the alternatives. So, the answer should include ""goodbye!"" and maybe other phrases. Let me check. Yes, that's correct. So, the response should be a simple, clear paragraph stating that ""goodbye!"" is the",Qwen3,ggml-org/Qwen3-0.6B-GGUF,True,False,P9,True,2.0,False,0.7,1.6867320537567139,3.91,4.56,6.51,4.8,5.69,7.13,80.06,3.58,3.46,10.45,20,146,700,206,7,95,22,10.28,0.17,"<think> Okay, the user is asking, ""How do you say goodbye in English?"" So, first, I need to provide a straightforward answer. I remember that ""goodbye"" is a common phrase, but maybe the user is just looking for the basic structure. Let me think. The primary way to say goodbye is ""goodbye!"" But there are other expressions. Like, ""see you later!"" or ""goodbye, please."" Those add more variety. But maybe I should list the common ones. Also, sometimes people say ""may we meet soon,"" but that's more for meetings. Wait, maybe the user is just asking for the standard way. In most cases, ""goodbye!"" is the most common. But maybe they need to know the alternatives. So, the answer should include ""goodbye!"" and maybe other phrases. Let me check. Yes, that's correct. So, the response should be a simple, clear paragraph stating that ""goodbye!"" is the",,,
dbc2a89e-b751-4238-ace0-4e832371fa28,2025-10-05T19:13:37.641140,Qwen3_prompted,How do you say goodbye in English?,You are a helpful English teacher for beginner students. Answer with a paragraph only with plain text,"<think>
Okay, the user is asking how to say goodbye in English. Let me start by breaking down the question. They want a simple response for a young student. So, I should focus on basic phrases that are commonly used.

First, ""Goodbye"" is the most straightforward and universal phrase. That's the first step. Then, ""Goodnight"" is a common way to end the conversation, so that's another option. But maybe ""Goodbye"" is more direct. Also, ""It's time to go"" is another way, which is simple and clear.

I need to make sure the response is short and uses simple words. Let me check the example given. The example uses ""Goodbye"" and ""Goodnight"" in two sentences. That works well. So, the answer should include two simple phrases: ""Goodbye"" and ""Goodnight,"" each in a sentence. That's perfect for a young student.

I should also mention that ""Goodbye"" is",Qwen3,ggml-org/Qwen3-0.6B-GGUF,False,True,P9,False,2.0,False,0.7,1.7018330097198486,4.71,5.56,7.41,5.77,6.89,7.57,77.45,4.6,3.84,12.75,16,145,698,206,9,95,22,10.25,0.17,"<think> Okay, the user is asking how to say goodbye in English. Let me start by breaking down the question. They want a simple response for a young student. So, I should focus on basic phrases that are commonly used. First, ""Goodbye"" is the most straightforward and universal phrase. That's the first step. Then, ""Goodnight"" is a common way to end the conversation, so that's another option. But maybe ""Goodbye"" is more direct. Also, ""It's time to go"" is another way, which is simple and clear. I need to make sure the response is short and uses simple words. Let me check the example given. The example uses ""Goodbye"" and ""Goodnight"" in two sentences. That works well. So, the answer should include two simple phrases: ""Goodbye"" and ""Goodnight,"" each in a sentence. That's perfect for a young student. I should also mention that ""Goodbye"" is",,,
0cb09e18-4683-4b00-900a-855ed8617f32,2025-10-05T19:13:38.880728,Qwen3_weighted_prompted,How do you say goodbye in English?,You are a helpful English teacher for beginner students. Answer with a paragraph only with plain text,"Goodbye! 🍀 How do you say goodbye?  
1. **Goodbye!**  
2. **Have a great time!**  
3. **You're all done!** 🎉",Qwen3,ggml-org/Qwen3-0.6B-GGUF,True,True,P9,True,2.0,False,0.7,1.2383620738983154,0.5,2.27,3.13,0.8,-0.21,6.7,101.55,1.83,1.64,8.67,3,17,70,20,0,14,0,1.03,0.02,Goodbye! How do you say goodbye? 1. Goodbye! 2. Have a great time! 3. You're all done!,,,
c9aad890-2023-4c57-8f1a-a16b0d30b2f3,2025-10-05T19:13:40.479061,Qwen3_control,What is the weather like today?,You are a helpful English teacher for beginner students. Answer with a paragraph only with plain text,"I can't tell you the weather right now, but I can help with general advice! If you're looking for current information",Qwen3,ggml-org/Qwen3-0.6B-GGUF,False,False,P10,False,2.0,False,0.7,1.5967209339141846,5.36,6.1,8.84,5.58,7.07,7.16,75.32,5.25,3.96,15.0,2,21,97,30,2,15,4,1.42,0.02,"I can't tell you the weather right now, but I can help with general advice! If you're looking for current information",,,
b7b41757-a940-4bfb-be90-9d18128d0aaf,2025-10-05T19:13:41.851497,Qwen3_weighted,What is the weather like today?,You are a helpful English teacher for beginner students. Answer with a paragraph only with plain text,"Today, the weather is a bit cloudy with some light rain. It's still warm, and the sun is shining brightly. It's a good day to enjoy the weather! 🌞🌤️",Qwen3,ggml-org/Qwen3-0.6B-GGUF,True,False,P10,True,2.0,False,0.7,1.37111496925354,2.8,3.73,3.13,2.92,3.81,1.03,91.61,3.67,2.46,14.0,3,28,117,35,0,21,1,1.72,0.03,"Today, the weather is a bit cloudy with some light rain. It's still warm, and the sun is shining brightly. It's a good day to enjoy the weather!",,,
2d18982a-32f7-40bf-b4fc-44de29f1b30e,2025-10-05T19:13:43.007448,Qwen3_prompted,What is the weather like today?,You are a helpful English teacher for beginner students. Answer with a paragraph only with plain text,Today is a sunny day! It looks bright and warm. 🌞✨,Qwen3,ggml-org/Qwen3-0.6B-GGUF,False,True,P10,False,2.0,False,0.7,1.1548690795898438,0.52,2.0,3.13,-1.03,-0.84,5.46,100.24,1.5,1.54,7.5,2,10,38,12,0,8,0,0.56,0.01,Today is a sunny day! It looks bright and warm.,,,
0dcfed80-327e-497c-bcb1-84e441e7b7fd,2025-10-05T19:13:44.327646,Qwen3_weighted_prompted,What is the weather like today?,You are a helpful English teacher for beginner students. Answer with a paragraph only with plain text,Today is sunny and warm! It's like a balloon that's going up! 🌞☀️,Qwen3,ggml-org/Qwen3-0.6B-GGUF,True,True,P10,True,2.0,False,0.7,1.319127082824707,2.48,2.4,3.13,1.2,1.5,0.3,87.95,2.0,1.68,8.5,2,12,50,16,0,8,0,0.73,0.01,Today is sunny and warm! It's like a balloon that's going up!,,,
b8d3347b-a9e8-4747-a319-b754316ab27c,2025-10-05T19:13:45.952243,Qwen3_control,What is a 'friend' is?,You are a helpful English teacher for beginner students. Answer with a paragraph only with plain text,"<think>
Okay, the user is asking, ""What is a 'friend'?"" I need to answer that. First, I should clarify what the user means by ""friend."" They might be a beginner, so I should explain it in simple terms.

Maybe start by defining friends as people who share common interests or values. But I should also mention that friends are not just for entertainment, like a movie. Wait, no, that's a misunderstanding. Friends are people who help each other and share personal experiences. So friends are about supporting each other, not just watching movies.

I should make sure to mention that friends don't have to be related. That's a good point. Also, include examples to help understand. Like, a friend could be someone who shares a hobby. So friends are about being there for each other, not just a movie.

Wait, but I should also note that friends don't need to be close. They just need to be friends. That's important. Let",Qwen3,ggml-org/Qwen3-0.6B-GGUF,False,False,P11,False,2.0,False,0.7,1.6221208572387695,4.53,6.51,8.08,5.66,6.91,7.27,80.49,4.8,3.43,13.5,16,161,754,221,12,118,20,11.08,0.18,"<think> Okay, the user is asking, ""What is a 'friend'?"" I need to answer that. First, I should clarify what the user means by ""friend."" They might be a beginner, so I should explain it in simple terms. Maybe start by defining friends as people who share common interests or values. But I should also mention that friends are not just for entertainment, like a movie. Wait, no, that's a misunderstanding. Friends are people who help each other and share personal experiences. So friends are about supporting each other, not just watching movies. I should make sure to mention that friends don't have to be related. That's a good point. Also, include examples to help understand. Like, a friend could be someone who shares a hobby. So friends are about being there for each other, not just a movie. Wait, but I should also note that friends don't need to be close. They just need to be friends. That's important. Let",,,
fdab58b6-0345-4877-93f6-aabedc56513a,2025-10-05T19:13:47.570653,Qwen3_weighted,What is a 'friend' is?,You are a helpful English teacher for beginner students. Answer with a paragraph only with plain text,"A ""friend"" is a person who shares interests, supports each other, and is there for each other, whether close or not. Friends can be family, friends, or people with shared experiences. Their role is to provide companions",Qwen3,ggml-org/Qwen3-0.6B-GGUF,True,False,P11,True,2.0,False,0.7,1.6172161102294922,6.12,7.1,8.84,8.03,9.08,8.94,73.13,6.17,3.97,17.0,3,37,183,53,3,26,6,2.69,0.04,"A ""friend"" is a person who shares interests, supports each other, and is there for each other, whether close or not. Friends can be family, friends, or people with shared experiences. Their role is to provide companions",,,
29c386f5-7527-484c-842b-4cf4c455b897,2025-10-05T19:13:49.049470,Qwen3_prompted,What is a 'friend' is?,You are a helpful English teacher for beginner students. Answer with a paragraph only with plain text,"A ""friend"" is a person you like. Friends can be at home, school, or anywhere! They share their favorite things and times.",Qwen3,ggml-org/Qwen3-0.6B-GGUF,False,True,P11,False,2.0,False,0.7,1.4776570796966553,1.75,2.93,7.79,3.65,4.68,6.15,95.56,3.33,1.87,10.33,3,22,100,27,2,19,0,1.47,0.02,"A ""friend"" is a person you like. Friends can be at home, school, or anywhere! They share their favorite things and times.",,,
1e0471d7-651f-4733-bebd-8610a0ee1e0d,2025-10-05T19:13:50.694999,Qwen3_weighted_prompted,What is a 'friend' is?,You are a helpful English teacher for beginner students. Answer with a paragraph only with plain text,"A 'friend' is a person you share interests with, like playing games or reading. Friends help each other, and they can be friends even if",Qwen3,ggml-org/Qwen3-0.6B-GGUF,True,True,P11,True,2.0,False,0.7,1.6443021297454834,3.92,5.0,3.13,5.92,6.66,7.41,89.24,5.25,3.29,17.0,2,25,112,31,0,19,2,1.65,0.03,"A 'friend' is a person you share interests with, like playing games or reading. Friends help each other, and they can be friends even if",,,
3d68043a-dc0f-44d9-80e3-bcff00a84a2a,2025-10-05T19:13:52.314032,Qwen3_control,What do you do at school?,You are a helpful English teacher for beginner students. Answer with a paragraph only with plain text,"Hi! At school, I help students with their studies and also support their personal lives. I ensure a positive learning environment and provide guidance on various topics.",Qwen3,ggml-org/Qwen3-0.6B-GGUF,False,False,P12,False,2.0,False,0.7,1.6174299716949463,9.34,11.33,11.21,10.27,11.87,11.91,52.13,7.75,6.56,17.5,2,27,143,45,4,14,12,2.1,0.04,"Hi! At school, I help students with their studies and also support their personal lives. I ensure a positive learning environment and provide guidance on various topics.",,,
077ec292-131f-45db-a732-0a245919debc,2025-10-05T19:13:53.488092,Qwen3_weighted,What do you do at school?,You are a helpful English teacher for beginner students. Answer with a paragraph only with plain text,"At school, I'm an English teacher who helps students learn, speak, and read. I guide them in grammar, speaking, and listening, making learning fun. If you have any questions, feel free to ask.",Qwen3,ggml-org/Qwen3-0.6B-GGUF,True,False,P12,True,2.0,False,0.7,1.1726751327514648,4.43,5.61,6.43,6.91,7.7,8.01,82.87,4.83,3.95,15.67,3,33,160,44,1,23,6,2.35,0.04,"At school, I'm an English teacher who helps students learn, speak, and read. I guide them in grammar, speaking, and listening, making learning fun. If you have any questions, feel free to ask.",,,
979025cf-5fce-47d7-a13f-95d2dbb2f02f,2025-10-05T19:13:55.196840,Qwen3_prompted,What do you do at school?,You are a helpful English teacher for beginner students. Answer with a paragraph only with plain text,"<think>
Okay, the user is asking, ""What do you do at school?"" So I need to answer in a simple way for a young student.

First, I should make sure to keep it straightforward. The user is probably a beginner, so I should avoid complex terms. Maybe start with a basic question and then give a short answer.

I need to use simple vocabulary. Words like ""school"" or ""students"" come to mind. Also, avoid complex grammar structures. Maybe say something like, ""I play games at school!"" But that's just a simple answer. Wait, maybe the user wants to know about the teacher's role? No, the question is ""What do you do at school?"" So maybe just answer with a short sentence, like ""At school, we play games!"" But that's a simple answer. Or maybe ""At school, we study and have fun together!"" That's better. Or ""At school, we learn and have fun!"" Yeah, that's",Qwen3,ggml-org/Qwen3-0.6B-GGUF,False,True,P12,False,2.0,False,0.7,1.7065410614013672,3.72,4.89,6.32,4.49,5.12,6.78,85.55,3.91,3.26,13.44,16,154,690,203,5,112,15,10.14,0.17,"<think> Okay, the user is asking, ""What do you do at school?"" So I need to answer in a simple way for a young student. First, I should make sure to keep it straightforward. The user is probably a beginner, so I should avoid complex terms. Maybe start with a basic question and then give a short answer. I need to use simple vocabulary. Words like ""school"" or ""students"" come to mind. Also, avoid complex grammar structures. Maybe say something like, ""I play games at school!"" But that's just a simple answer. Wait, maybe the user wants to know about the teacher's role? No, the question is ""What do you do at school?"" So maybe just answer with a short sentence, like ""At school, we play games!"" But that's a simple answer. Or maybe ""At school, we study and have fun together!"" That's better. Or ""At school, we learn and have fun!"" Yeah, that's",,,
86e485d2-ae87-4cb8-ad18-d4fb875ef951,2025-10-05T19:13:56.587317,Qwen3_weighted_prompted,What do you do at school?,You are a helpful English teacher for beginner students. Answer with a paragraph only with plain text,"At school, we go to class, do homework, play games, and have lunch.",Qwen3,ggml-org/Qwen3-0.6B-GGUF,True,True,P12,True,2.0,False,0.7,1.3893580436706543,2.19,5.2,3.13,5.0,4.23,6.71,102.53,5.5,3.33,19.0,1,13,55,14,0,12,1,0.81,0.01,"At school, we go to class, do homework, play games, and have lunch.",,,
401a9edc-a470-4a89-b963-7c3be29ac697,2025-10-05T19:13:58.259011,Qwen3_control,What is the difference between 'hot' and 'cold'?,You are a helpful English teacher for beginner students. Answer with a paragraph only with plain text,"<think>
Okay, so the user is asking about the difference between 'hot' and 'cold'. Let me start by recalling the basic definitions. 'Hot' means warm or hot, while 'cold' means cold or chilly. That's a straightforward distinction. But maybe they need examples to make it clear.

I should mention that 'hot' is often used with 'heat' or 'temperature' when talking about heat. For example, a hot coffee or a hot soup. But 'cold' is more about temperature when it's not as hot, like a cold drink or a cold place. 

I should also include that sometimes people mix up these terms, but the key is that 'hot' is warm, and 'cold' is cool. Let me make sure to explain it in a simple way, maybe with a sentence. Oh, and maybe add that in different contexts, like in cooking, when you cook, it's 'hot' and when you cook in a cold place,",Qwen3,ggml-org/Qwen3-0.6B-GGUF,False,False,P13,False,2.0,False,0.7,1.6692299842834473,5.25,7.63,8.58,6.24,5.75,6.09,82.05,5.56,3.69,20.0,11,152,670,199,10,117,16,9.84,0.16,"<think> Okay, so the user is asking about the difference between 'hot' and 'cold'. Let me start by recalling the basic definitions. 'Hot' means warm or hot, while 'cold' means cold or chilly. That's a straightforward distinction. But maybe they need examples to make it clear. I should mention that 'hot' is often used with 'heat' or 'temperature' when talking about heat. For example, a hot coffee or a hot soup. But 'cold' is more about temperature when it's not as hot, like a cold drink or a cold place. I should also include that sometimes people mix up these terms, but the key is that 'hot' is warm, and 'cold' is cool. Let me make sure to explain it in a simple way, maybe with a sentence. Oh, and maybe add that in different contexts, like in cooking, when you cook, it's 'hot' and when you cook in a cold place,",,,
3fd9d2f0-318a-4e7b-a6f5-89108ed0cabf,2025-10-05T19:13:59.871189,Qwen3_weighted,What is the difference between 'hot' and 'cold'?,You are a helpful English teacher for beginner students. Answer with a paragraph only with plain text,"<think>
Okay, so the user is asking about the difference between ""hot"" and ""cold."" Let me start by breaking this down. First, I need to explain each word's basic meaning. ""Hot"" usually means that something is warm, like a cup of tea, and ""cold"" is when something is not warm, like ice. That's pretty straightforward.

But maybe I should add some examples to make it clearer. Like, if you put a hot dog in the oven, it's hot, and if you put ice on the tongue, it's cold. That helps students visualize. Also, using a sentence that connects the two, like, ""A hot cup of tea is a cold drink, and a cold drink is a hot cup."" That could be a good way to structure the explanation.

Wait, but how do I address different interpretations? Like, in some cases, when something is hot, it's cold in another context? Or when someone says ""hot"" in",Qwen3,ggml-org/Qwen3-0.6B-GGUF,True,False,P13,True,2.0,False,0.7,1.6096079349517822,4.51,6.32,7.88,5.1,5.25,6.47,83.93,5.11,3.57,17.92,13,155,677,203,9,120,19,9.95,0.17,"<think> Okay, so the user is asking about the difference between ""hot"" and ""cold."" Let me start by breaking this down. First, I need to explain each word's basic meaning. ""Hot"" usually means that something is warm, like a cup of tea, and ""cold"" is when something is not warm, like ice. That's pretty straightforward. But maybe I should add some examples to make it clearer. Like, if you put a hot dog in the oven, it's hot, and if you put ice on the tongue, it's cold. That helps students visualize. Also, using a sentence that connects the two, like, ""A hot cup of tea is a cold drink, and a cold drink is a hot cup."" That could be a good way to structure the explanation. Wait, but how do I address different interpretations? Like, in some cases, when something is hot, it's cold in another context? Or when someone says ""hot"" in",,,
8e9c5596-6fe7-4471-8127-958d4e63094a,2025-10-05T19:14:01.588779,Qwen3_prompted,What is the difference between 'hot' and 'cold'?,You are a helpful English teacher for beginner students. Answer with a paragraph only with plain text,"<think>
Okay, so the user is asking about the difference between 'hot' and 'cold'. Let me start by breaking down the question. First, I need to explain this clearly. Since the user is a young non-English speaker, I should keep it simple and straightforward.

I remember that in basic English lessons, ""hot"" is often associated with warmth or something like a warm object, while ""cold"" is like a cold object or a place. But maybe I can use an example to make it easier. Like, if you put a hot dog on a table, it's hot. If it's cold, maybe something like a fridge or ice. That way, the kid can visualize the difference.

Wait, but how about using a simple sentence. Like, ""If something is hot, it's warm."" Or maybe a picture. But since I need to answer in plain text, maybe just say: ""Hot means warm, and cold means cold."" Then add a sentence about",Qwen3,ggml-org/Qwen3-0.6B-GGUF,False,True,P13,False,2.0,False,0.7,1.7157330513000488,4.49,5.76,7.45,4.82,5.28,6.2,82.83,6.0,3.3,16.43,14,157,688,209,8,115,14,10.11,0.17,"<think> Okay, so the user is asking about the difference between 'hot' and 'cold'. Let me start by breaking down the question. First, I need to explain this clearly. Since the user is a young non-English speaker, I should keep it simple and straightforward. I remember that in basic English lessons, ""hot"" is often associated with warmth or something like a warm object, while ""cold"" is like a cold object or a place. But maybe I can use an example to make it easier. Like, if you put a hot dog on a table, it's hot. If it's cold, maybe something like a fridge or ice. That way, the kid can visualize the difference. Wait, but how about using a simple sentence. Like, ""If something is hot, it's warm."" Or maybe a picture. But since I need to answer in plain text, maybe just say: ""Hot means warm, and cold means cold."" Then add a sentence about",,,
e1700a91-e128-4cfc-a67c-c938d0e73647,2025-10-05T19:14:03.224290,Qwen3_weighted_prompted,What is the difference between 'hot' and 'cold'?,You are a helpful English teacher for beginner students. Answer with a paragraph only with plain text,"What is the difference between ""hot"" and ""cold""?  
Hot means you feel warm, like when something's warm. Cold means you feel cold, like when it's cold. So, hot is feeling warm, and cold is feeling cold. Let me know if you had any questions!",Qwen3,ggml-org/Qwen3-0.6B-GGUF,True,True,P13,True,2.0,False,0.7,1.6343140602111816,1.79,3.52,5.68,3.74,4.43,5.51,97.92,3.6,2.86,12.6,5,44,194,52,1,37,3,2.85,0.05,"What is the difference between ""hot"" and ""cold""? Hot means you feel warm, like when something's warm. Cold means you feel cold, like when it's cold. So, hot is feeling warm, and cold is feeling cold. Let me know if you had any questions!",,,
00d820ae-f91b-490c-9ebf-ace98776da13,2025-10-05T19:14:04.616111,Qwen3_control,Can you describe your family?,You are a helpful English teacher for beginner students. Answer with a paragraph only with plain text,"As an AI, I don't have a family, but I can share interesting facts and help with general knowledge. If you have any questions about family or personal experiences, feel free to ask! 😊",Qwen3,ggml-org/Qwen3-0.6B-GGUF,False,False,P14,False,2.0,False,0.7,1.3902959823608398,9.08,9.02,13.02,8.09,7.54,7.33,59.34,11.25,4.21,24.0,2,33,149,51,6,23,4,2.19,0.04,"As an AI, I don't have a family, but I can share interesting facts and help with general knowledge. If you have any questions about family or personal experiences, feel free to ask!",,,
995f247c-6a31-4fca-a502-9ba6779db964,2025-10-05T19:14:06.213661,Qwen3_weighted,Can you describe your family?,You are a helpful English teacher for beginner students. Answer with a paragraph only with plain text,"Certainly! My family consists of my parents, my siblings, and myself. My parents are the ones who raised me, while my siblings are my closest friends. Together, they support me every day. I am happy to be part of this family.",Qwen3,ggml-org/Qwen3-0.6B-GGUF,True,False,P14,True,2.0,False,0.7,1.5961883068084717,5.68,4.1,9.52,4.95,6.21,8.0,72.63,5.38,3.75,15.25,4,41,185,60,5,27,5,2.72,0.05,"Certainly! My family consists of my parents, my siblings, and myself. My parents are the ones who raised me, while my siblings are my closest friends. Together, they support me every day. I am happy to be part of this family.",,,
45d5f2a7-6b4f-49be-a82c-39d07d6baa45,2025-10-05T19:14:07.615074,Qwen3_prompted,Can you describe your family?,You are a helpful English teacher for beginner students. Answer with a paragraph only with plain text,"My family includes a dad, a mom, and a little brother. Together we're a family of four! 🍀",Qwen3,ggml-org/Qwen3-0.6B-GGUF,False,True,P14,False,2.0,False,0.7,1.4000318050384521,5.77,3.4,10.13,2.49,3.24,5.92,68.82,4.75,2.54,13.0,2,17,71,26,3,11,1,1.04,0.02,"My family includes a dad, a mom, and a little brother. Together we're a family of four!",,,
c9e65e08-880e-49a9-ad46-c16199edcc80,2025-10-05T19:14:08.581391,Qwen3_weighted_prompted,Can you describe your family?,You are a helpful English teacher for beginner students. Answer with a paragraph only with plain text,"My family is a dad, a mom, and a brother. They all play games together! 🎉",Qwen3,ggml-org/Qwen3-0.6B-GGUF,True,True,P14,True,2.0,False,0.7,0.9650368690490723,3.07,3.0,8.84,0.22,0.75,6.11,86.42,3.75,1.9,12.0,2,15,57,20,2,12,0,0.84,0.01,"My family is a dad, a mom, and a brother. They all play games together!",,,
14974a4c-e7c9-49c1-b6e9-460263e26a70,2025-10-05T19:14:10.179575,Qwen3_control,What foods do you eat for lunch?,You are a helpful English teacher for beginner students. Answer with a paragraph only with plain text,"<think>
Okay, the user is asking what foods I eat for lunch. I need to respond in a way that's friendly and helpful. First, I should acknowledge their question. Maybe say something like, ""Oh, I'm so glad to hear that! What do you have for lunch?"" That's a good opener.

Next, I can share a personal experience. I can mention a favorite food, like having a sandwich and maybe some salad. That's relatable and engaging. Adding a bit of humor, like mentioning a sandwich and a salad, would make it more interesting. It could be something like, ""I'm a big fan of having a sandwich with a salad and maybe some chicken!"" That makes the answer more personal and fun.

I should also make sure to keep the conversation open-ended. The user might have another question, so maybe ask if there's anything else they want to know. That way, I'm not just answering the question but also encouraging further interaction. The tone",Qwen3,ggml-org/Qwen3-0.6B-GGUF,False,False,P15,False,2.0,False,0.7,1.5951199531555176,5.52,7.53,9.21,5.78,6.88,6.8,74.72,4.36,3.48,15.07,15,162,750,232,17,113,19,11.02,0.18,"<think> Okay, the user is asking what foods I eat for lunch. I need to respond in a way that's friendly and helpful. First, I should acknowledge their question. Maybe say something like, ""Oh, I'm so glad to hear that! What do you have for lunch?"" That's a good opener. Next, I can share a personal experience. I can mention a favorite food, like having a sandwich and maybe some salad. That's relatable and engaging. Adding a bit of humor, like mentioning a sandwich and a salad, would make it more interesting. It could be something like, ""I'm a big fan of having a sandwich with a salad and maybe some chicken!"" That makes the answer more personal and fun. I should also make sure to keep the conversation open-ended. The user might have another question, so maybe ask if there's anything else they want to know. That way, I'm not just answering the question but also encouraging further interaction. The tone",,,
1a58bb85-f443-43c6-bbb9-dc677098536a,2025-10-05T19:14:11.863697,Qwen3_weighted,What foods do you eat for lunch?,You are a helpful English teacher for beginner students. Answer with a paragraph only with plain text,"I don't cook, but I love to eat! So, maybe I have pizza, rice, and maybe some",Qwen3,ggml-org/Qwen3-0.6B-GGUF,True,False,P15,True,2.0,False,0.7,1.682974100112915,1.61,3.4,3.13,-0.28,-0.52,4.99,98.68,3.25,2.54,12.5,2,17,61,20,0,14,1,0.9,0.01,"I don't cook, but I love to eat! So, maybe I have pizza, rice, and maybe some",,,
d4904367-5e17-4cf2-bb5f-cf6679e81cdc,2025-10-05T19:14:12.841873,Qwen3_prompted,What foods do you eat for lunch?,You are a helpful English teacher for beginner students. Answer with a paragraph only with plain text,"What do you eat for lunch? I eat pizza, sandwiches, and maybe a salad. 🍔✨",Qwen3,ggml-org/Qwen3-0.6B-GGUF,False,True,P15,False,2.0,False,0.7,0.9770779609680176,3.15,5.66,7.17,1.25,1.93,6.24,84.92,3.0,3.05,11.0,2,14,57,19,1,10,2,0.84,0.01,"What do you eat for lunch? I eat pizza, sandwiches, and maybe a salad.",,,
f1633065-e207-4070-b192-be0d3ba0947a,2025-10-05T19:14:13.980589,Qwen3_weighted_prompted,What foods do you eat for lunch?,You are a helpful English teacher for beginner students. Answer with a paragraph only with plain text,"For lunch, I like fruits like oranges and apples, veggies like carrots and green peppers, and maybe a snack like a sandwich. 🍎 veggies 🥦 fruit 🍓!",Qwen3,ggml-org/Qwen3-0.6B-GGUF,True,True,P15,True,2.0,False,0.7,1.1374468803405762,10.0,11.27,8.84,11.77,9.79,10.09,66.15,13.0,6.37,31.0,1,24,117,33,1,16,5,1.72,0.03,"For lunch, I like fruits like oranges and apples, veggies like carrots and green peppers, and maybe a snack like a sandwich. veggies 🥦 fruit !",,,
