experiment_id,timestamp,config_name,prompt,system_prompt,response,model,model_id,config_weighting,config_prompting,prompt_id,weighted_words_enabled,weight_factor,enable_thinking,temperature,response_time_seconds,flesch_kincaid_grade,gunning_fog,smog_index,spache_readability,word_count,difficult_words,automated_readability_index,coleman_liau_index,dale_chall_readability_score,flesch_reading_ease,linsear_write_formula,mcalpine_eflaw,sentence_count,character_count,syllable_count,polysyllable_count,monosyllable_count,reading_time_seconds,reading_time_minutes,cleaned_response,response_appropriateness,vocabulary_level,notes
b9adf15b-b0fc-4667-adaf-71ad3f8b3aa5,2025-10-06T21:11:53.016489,Phi3_weighted_1_5,What does the word 'library' mean?,You are a helpful English teacher for beginner students. Answer with a paragraph only with plain text,"The word 'library' refers to a place where a collection of books, magazines, and other informational materials are kept for people to read, borrow, or use for research and study. Libraries can be found in many types of institutions such as schools, universities, and public buildings. They serve as a valuable resource for knowledge and information, often organized in a systematic and accessible manner to facilitate easy access to the materials they house. In modern times, libraries have also become digital hubs, where electronic resources are available for users to access from their personal devices.",Phi3,microsoft/Phi-3-mini-4k-instruct-gguf,True,False,P1,True,1.5,False,0.7,4.8662331104278564,15.04,17.92,16.53,6.9,95,28,0.0,0.0,0.0,0.0,0.0,0.0,0,0,0,0,0,7.52,0.13,"The word 'library' refers to a place where a collection of books, magazines, and other informational materials are kept for people to read, borrow, or use for research and study. Libraries can be found in many types of institutions such as schools, universities, and public buildings. They serve as a valuable resource for knowledge and information, often organized in a systematic and accessible manner to facilitate easy access to the materials they house. In modern times, libraries have also become digital hubs, where electronic resources are available for users to access from their personal devices.",,,
82ed4520-85bb-4bd8-be0b-9ada818743ad,2025-10-06T21:11:57.426355,Phi3_weighted_2_0,What does the word 'library' mean?,You are a helpful English teacher for beginner students. Answer with a paragraph only with plain text,"The word 'library' refers to a place where a collection of books, periodicals, and other materials like maps and records are kept for people to read, study, and borrow. Libraries can be public or private and may also house digital and multimedia resources. They play a putative role in providing access to information, fostering a love for reading and learning, and supporting educational and research activities. Additionally, many libraries offer various programs and services to the community, such as storytelling for children, computer and internet access, and workshops on a wide range of subjects.",Phi3,microsoft/Phi-3-mini-4k-instruct-gguf,True,False,P1,True,2.0,False,0.7,4.2409141063690186,15.29,18.76,16.83,7.08,94,31,0.0,0.0,0.0,0.0,0.0,0.0,0,0,0,0,0,7.51,0.13,"The word 'library' refers to a place where a collection of books, periodicals, and other materials like maps and records are kept for people to read, study, and borrow. Libraries can be public or private and may also house digital and multimedia resources. They play a putative role in providing access to information, fostering a love for reading and learning, and supporting educational and research activities. Additionally, many libraries offer various programs and services to the community, such as storytelling for children, computer and internet access, and workshops on a wide range of subjects.",,,
2b33322c-fa78-408f-95ed-c5cb69703de7,2025-10-06T21:12:02.007476,Phi3_weighted_4_0,What does the word 'library' mean?,You are a helpful English teacher for beginner students. Answer with a paragraph only with plain text,"A library is a place where a collection of books and other informational resources like magazines, newspapers, and digital media like e-books and online databases are stored and made available for people to read and learn from. Libraries may be part of a school or a stand-alone establishment open to the public in a community for the purpose of lending and borrowing these resources or for people to read and learn in a quiet and well-organized environment. They play a critical role in the dissemination of knowledge and the promotion of literacy and lifelong learning in a society.",Phi3,microsoft/Phi-3-mini-4k-instruct-gguf,True,False,P1,True,4.0,False,0.7,4.253961086273193,17.14,21.64,18.6,7.9,98,27,0.0,0.0,0.0,0.0,0.0,0.0,0,0,0,0,0,7.15,0.12,"A library is a place where a collection of books and other informational resources like magazines, newspapers, and digital media like e-books and online databases are stored and made available for people to read and learn from. Libraries may be part of a school or a stand-alone establishment open to the public in a community for the purpose of lending and borrowing these resources or for people to read and learn in a quiet and well-organized environment. They play a critical role in the dissemination of knowledge and the promotion of literacy and lifelong learning in a society.",,,
2f02bfe9-aa86-4f7b-81f0-3a02a27029e6,2025-10-06T21:12:23.529901,Qwen2_weighted_1_5,What does the word 'library' mean?,You are a helpful English teacher for beginner students. Answer with a paragraph only with plain text,"The word 'library' generally refers to a collection of books, periodicals, and other materials for reading, borrowing, and displaying. It is a place of instruction, learning, and access to a wide range of knowledge, often housed in buildings or libraries. Libraries are often used to support education, research, and cultural activities.",Qwen2,Qwen/Qwen2.5-0.5B-Instruct-GGUF,True,False,P1,True,1.5,False,0.7,6.916522979736328,12.79,16.21,15.02,6.44,51,19,0.0,0.0,0.0,0.0,0.0,0.0,0,0,0,0,0,4.22,0.07,"The word 'library' generally refers to a collection of books, periodicals, and other materials for reading, borrowing, and displaying. It is a place of instruction, learning, and access to a wide range of knowledge, often housed in buildings or libraries. Libraries are often used to support education, research, and cultural activities.",,,
7bd0acd3-6cfe-46f0-92b3-da54d75489cd,2025-10-06T21:12:25.158075,Qwen2_weighted_2_0,What does the word 'library' mean?,You are a helpful English teacher for beginner students. Answer with a paragraph only with plain text,"The word 'library' generally refers to a collection of books, journals, and other reading materials, often housed in a structured facility. It is a place for learning, reading, and research, providing access to a vast array of knowledge. Libraries are typically used by students, teachers, and adults to study, research, and access information, making them a vital resource for education and personal growth. Libraries also serve as a social gathering place, where community members can meet, discuss, and share books, literature, and other resources.",Qwen2,Qwen/Qwen2.5-0.5B-Instruct-GGUF,True,False,P1,True,2.0,False,0.7,1.3782000541687012,13.53,15.54,14.55,7.18,84,30,0.0,0.0,0.0,0.0,0.0,0.0,0,0,0,0,0,6.87,0.11,"The word 'library' generally refers to a collection of books, journals, and other reading materials, often housed in a structured facility. It is a place for learning, reading, and research, providing access to a vast array of knowledge. Libraries are typically used by students, teachers, and adults to study, research, and access information, making them a vital resource for education and personal growth. Libraries also serve as a social gathering place, where community members can meet, discuss, and share books, literature, and other resources.",,,
4406dae4-4dce-4a41-a899-569ea81459b1,2025-10-06T21:12:26.399420,Qwen2_weighted_4_0,What does the word 'library' mean?,You are a helpful English teacher for beginner students. Answer with a paragraph only with plain text,"The word 'library' can refer to a collection of books, newspapers, magazines, and other printed materials, often organized, cataloged, and maintained for public use. It's a place where a library's books, collections, and resources are housed, displayed, and accessible. Libraries are typically open, educational, and, sometimes, cultural centers, providing access to a wide range of information, learning, and entertainment.",Qwen2,Qwen/Qwen2.5-0.5B-Instruct-GGUF,True,False,P1,True,4.0,False,0.7,1.100794792175293,14.68,19.39,17.12,7.11,59,24,0.0,0.0,0.0,0.0,0.0,0.0,0,0,0,0,0,5.38,0.09,"The word 'library' can refer to a collection of books, newspapers, magazines, and other printed materials, often organized, cataloged, and maintained for public use. It's a place where a library's books, collections, and resources are housed, displayed, and accessible. Libraries are typically open, educational, and, sometimes, cultural centers, providing access to a wide range of information, learning, and entertainment.",,,
a8a2fde2-2b58-48f1-b3b3-883b0db1bd5b,2025-10-06T21:17:34.884468,Qwen3_weighted_1_5,What does the word 'library' mean?,You are a helpful English teacher for beginner students. Answer with a paragraph only with plain text,,Qwen3,ggml-org/Qwen3-0.6B-GGUF,True,False,P1,True,1.5,False,0.7,302.23226714134216,0.0,0.0,0.0,0.0,0,0,0.0,0.0,0.0,0.0,0.0,0.0,0,0,0,0,0,0.0,0.0,,,,
b7e9136d-f7e0-4a6b-9e7e-c639a5f87c92,2025-10-06T21:22:35.826714,Qwen3_weighted_2_0,What does the word 'library' mean?,You are a helpful English teacher for beginner students. Answer with a paragraph only with plain text,,Qwen3,ggml-org/Qwen3-0.6B-GGUF,True,False,P1,True,2.0,False,0.7,300.51496505737305,0.0,0.0,0.0,0.0,0,0,0.0,0.0,0.0,0.0,0.0,0.0,0,0,0,0,0,0.0,0.0,,,,
279abee9-dc94-4b7d-924e-ccc7ca8d3ce5,2025-10-06T21:25:59.381540,Qwen3_weighted_4_0,What does the word 'library' mean?,You are a helpful English teacher for beginner students. Answer with a paragraph only with plain text,"The word ""library"" means a place, often a physical space, where books, magazines, and other materials are",Qwen3,ggml-org/Qwen3-0.6B-GGUF,True,False,P1,True,4.0,False,0.7,202.50183701515198,10.48,13.86,14.55,4.75,17,3,0.0,0.0,0.0,0.0,0.0,0.0,0,0,0,0,0,1.31,0.02,"The word ""library"" means a place, often a physical space, where books, magazines, and other materials are",,,
2aa8b0e2-2c6a-45df-8e3b-e25cc7a06027,2025-10-06T21:45:45.286670,SmolLM_weighted_1_5,What does the word 'library' mean?,You are a helpful English teacher for beginner students. Answer with a paragraph only with plain text,,SmolLM,MaziyarPanahi/SmolLM-1.7B-Instruct-GGUF,True,False,P1,True,1.5,False,0.7,1181.8185541629791,0.0,0.0,0.0,0.0,0,0,0.0,0.0,0.0,0.0,0.0,0.0,0,0,0,0,0,0.0,0.0,,,,
fc82af42-f186-4dd1-801c-ae1fd703a09b,2025-10-06T21:50:48.581280,SmolLM_weighted_2_0,What does the word 'library' mean?,You are a helpful English teacher for beginner students. Answer with a paragraph only with plain text,,SmolLM,MaziyarPanahi/SmolLM-1.7B-Instruct-GGUF,True,False,P1,True,2.0,False,0.7,303.08990263938904,0.0,0.0,0.0,0.0,0,0,0.0,0.0,0.0,0.0,0.0,0.0,0,0,0,0,0,0.0,0.0,,,,
f1d8cfc9-14a9-4be0-9058-702ff2bde8e8,2025-10-06T21:55:50.080089,SmolLM_weighted_4_0,What does the word 'library' mean?,You are a helpful English teacher for beginner students. Answer with a paragraph only with plain text,,SmolLM,MaziyarPanahi/SmolLM-1.7B-Instruct-GGUF,True,False,P1,True,4.0,False,0.7,301.33314323425293,0.0,0.0,0.0,0.0,0,0,0.0,0.0,0.0,0.0,0.0,0.0,0,0,0,0,0,0.0,0.0,,,,
448c50b8-377c-44bc-ae89-a18bcef5ac19,2025-10-06T21:56:18.063531,TinyLlama_weighted_1_5,What does the word 'library' mean?,You are a helpful English teacher for beginner students. Answer with a paragraph only with plain text,"The word 'libri' in Latin means ""books,"" and the word 'ar' in Latin means ""library."" The word 'libriarum' in Latin means ""library of books."" So the word 'libariar' in Latin is a combination of the two, meaning a ""library of books."" In English, the word 'library' is a general name for a place where books are stored and available for reading or research.",TinyLlama,TheBloke/TinyLlama-1.1B-Chat-v1.0-GGUF,True,False,P1,True,1.5,False,0.7,18.494257926940918,7.41,8.2,11.21,4.42,63,7,0.0,0.0,0.0,0.0,0.0,0.0,0,0,0,0,0,4.29,0.07,"The word 'libri' in Latin means ""books,"" and the word 'ar' in Latin means ""library."" The word 'libriarum' in Latin means ""library of books."" So the word 'libariar' in Latin is a combination of the two, meaning a ""library of books."" In English, the word 'library' is a general name for a place where books are stored and available for reading or research.",,,
918dfb76-c139-4fbe-b98b-8b89d6731df1,2025-10-06T21:56:32.426200,TinyLlama_weighted_2_0,What does the word 'library' mean?,You are a helpful English teacher for beginner students. Answer with a paragraph only with plain text,"The word 'libariy' means an old-fashioned bookstore or a store that sells books for home or school use. In its context, the word 'libariy' can be a noun or a verb that refers to a store that sells books and a verb that means to buy or purchase books in a bookstore or library.",TinyLlama,TheBloke/TinyLlama-1.1B-Chat-v1.0-GGUF,True,False,P1,True,2.0,False,0.7,13.952218055725098,8.71,11.54,8.84,5.6,54,5,0.0,0.0,0.0,0.0,0.0,0.0,0,0,0,0,0,3.28,0.05,"The word 'libariy' means an old-fashioned bookstore or a store that sells books for home or school use. In its context, the word 'libariy' can be a noun or a verb that refers to a store that sells books and a verb that means to buy or purchase books in a bookstore or library.",,,
51a0c968-9350-46bb-a8c6-a2d337c31c43,2025-10-06T21:57:04.552823,TinyLlama_weighted_4_0,What does the word 'library' mean?,You are a helpful English teacher for beginner students. Answer with a paragraph only with plain text,'Lib' in this sentence means a store or a shop for books or books' shop or store for books or books' shops or shops' for books or books' shops' for books or books' shops' for books or books' shops' for books or books' shops' for books or books' shops' for books or books' shops' for books or books' shops' for books or books' shops' for books or books' shops' for books or books' shops' for books or books' shops' for books or books' shops' for books or books' shops' for books or books' shops' for books or books' shops' for books or books' shops' for books or books' shops' for books or books' shops' for books or books' shops' for books or books' shops' for books or books' shops',TinyLlama,TheBloke/TinyLlama-1.1B-Chat-v1.0-GGUF,True,False,P1,True,4.0,False,0.7,31.950244188308716,46.61,51.6,3.13,19.03,129,0,0.0,0.0,0.0,0.0,0.0,0.0,0,0,0,0,0,8.15,0.14,'Lib' in this sentence means a store or a shop for books or books' shop or store for books or books' shops or shops' for books or books' shops' for books or books' shops' for books or books' shops' for books or books' shops' for books or books' shops' for books or books' shops' for books or books' shops' for books or books' shops' for books or books' shops' for books or books' shops' for books or books' shops' for books or books' shops' for books or books' shops' for books or books' shops' for books or books' shops' for books or books' shops' for books or books' shops' for books or books' shops' for books or books' shops' for books or books' shops' for books or books' shops',,,
55ca38de-fd95-45c3-9702-c7f1996f9cc9,2025-10-06T21:57:19.251710,TinyStories_weighted_1_5,What does the word 'library' mean?,You are a helpful English teacher for beginner students. Answer with a paragraph only with plain text,,TinyStories,roneneldan/TinyStories-33M,True,False,P1,True,1.5,False,0.7,3.4185750484466553,0.0,0.0,0.0,0.0,0,0,0.0,0.0,0.0,0.0,0.0,0.0,0,0,0,0,0,0.0,0.0,,,,
c80907c7-51c7-4ec9-b466-0445ca91040a,2025-10-06T21:57:19.648420,TinyStories_weighted_2_0,What does the word 'library' mean?,You are a helpful English teacher for beginner students. Answer with a paragraph only with plain text,,TinyStories,roneneldan/TinyStories-33M,True,False,P1,True,2.0,False,0.7,0.1241447925567627,0.0,0.0,0.0,0.0,0,0,0.0,0.0,0.0,0.0,0.0,0.0,0,0,0,0,0,0.0,0.0,,,,
28f4b532-ca94-4806-ad1d-3e842b1f2f70,2025-10-06T21:57:19.762365,TinyStories_weighted_4_0,What does the word 'library' mean?,You are a helpful English teacher for beginner students. Answer with a paragraph only with plain text,,TinyStories,roneneldan/TinyStories-33M,True,False,P1,True,4.0,False,0.7,0.0011758804321289062,0.0,0.0,0.0,0.0,0,0,0.0,0.0,0.0,0.0,0.0,0.0,0,0,0,0,0,0.0,0.0,,,,
290356d5-300a-4dfa-b22d-5ae75da1b340,2025-10-06T21:57:25.646506,Phi3_weighted_1_5,How do I introduce myself in English?,You are a helpful English teacher for beginner students. Answer with a paragraph only with plain text,"Introducing yourself in English can be a simple and friendly process. You can start by saying, ""Hello, my name is [Your Name]."" This is a basic and widely accepted way to introduce yourself. Then, you can add some personal details to make the introduction more complete. For example, you can say, ""I'm originally from [Your Country] and I'm [Your Age]. I'm really happy to meet you and learn more about you."" Remember to smile and make eye contact to show your friendliness and interest in the conversation. Practice this with your classmates and peers to become more comfortable and confident in your English-speaking skills.",Phi3,microsoft/Phi-3-mini-4k-instruct-gguf,True,False,P2,True,1.5,False,0.7,5.599477052688599,7.52,9.82,10.41,4.49,104,22,0.0,0.0,0.0,0.0,0.0,0.0,0,0,0,0,0,7.68,0.13,"Introducing yourself in English can be a simple and friendly process. You can start by saying, ""Hello, my name is [Your Name]."" This is a basic and widely accepted way to introduce yourself. Then, you can add some personal details to make the introduction more complete. For example, you can say, ""I'm originally from [Your Country] and I'm [Your Age]. I'm really happy to meet you and learn more about you."" Remember to smile and make eye contact to show your friendliness and interest in the conversation. Practice this with your classmates and peers to become more comfortable and confident in your English-speaking skills.",,,
b154d681-67d3-4e6f-a679-09f1765d0344,2025-10-06T21:57:29.726816,Phi3_weighted_2_0,How do I introduce myself in English?,You are a helpful English teacher for beginner students. Answer with a paragraph only with plain text,"Introducing yourself in English can be a simple and straightforward process. Begin by stating your name, which is the most essential part of an introduction. Follow it with a friendly greeting and a sentence that provides some context about yourself, such as your profession or where you're from. Here's an example: ""Hello, my name is [Your Name]. I'm a student from [Your City or Country]. It's nice to meet you!"" This introduction not only provides the necessary information but also creates a friendly and engaging atmosphere for the conversation to follow.",Phi3,microsoft/Phi-3-mini-4k-instruct-gguf,True,False,P2,True,2.0,False,0.7,3.9016032218933105,8.28,10.47,10.61,4.56,91,18,0.0,0.0,0.0,0.0,0.0,0.0,0,0,0,0,0,6.9,0.12,"Introducing yourself in English can be a simple and straightforward process. Begin by stating your name, which is the most essential part of an introduction. Follow it with a friendly greeting and a sentence that provides some context about yourself, such as your profession or where you're from. Here's an example: ""Hello, my name is [Your Name]. I'm a student from [Your City or Country]. It's nice to meet you!"" This introduction not only provides the necessary information but also creates a friendly and engaging atmosphere for the conversation to follow.",,,
2c605a51-63ab-42a1-934b-126ca2a43dea,2025-10-06T21:57:36.032600,Phi3_weighted_4_0,How do I introduce myself in English?,You are a helpful English teacher for beginner students. Answer with a paragraph only with plain text,"Introducing yourself in English can be a simple and enjoyable process. Start by saying ""Hello! My name is [Your Name]."" This can be followed by a smile or a handshake to make the interaction a bit friendlier. You can then add some details about your hometown or where you're from to give a nice touch of your personality. For example, you can say, ""I'm from [Your Hometown], which I love for its beautiful beaches and friendly people."" If you want to add some fun or interesting facts about yourself, you can say, ""I enjoy [a hobby or a sport], and in my free time, I like to [a leisure activity or a hobby]."" This not only helps you to make a good impression but also a great start to a conversation in a new environment!",Phi3,microsoft/Phi-3-mini-4k-instruct-gguf,True,False,P2,True,4.0,False,0.7,6.0508317947387695,7.6,9.71,10.13,4.56,135,20,0.0,0.0,0.0,0.0,0.0,0.0,0,0,0,0,0,8.64,0.14,"Introducing yourself in English can be a simple and enjoyable process. Start by saying ""Hello! My name is [Your Name]."" This can be followed by a smile or a handshake to make the interaction a bit friendlier. You can then add some details about your hometown or where you're from to give a nice touch of your personality. For example, you can say, ""I'm from [Your Hometown], which I love for its beautiful beaches and friendly people."" If you want to add some fun or interesting facts about yourself, you can say, ""I enjoy [a hobby or a sport], and in my free time, I like to [a leisure activity or a hobby]."" This not only helps you to make a good impression but also a great start to a conversation in a new environment!",,,
477401ce-4cb3-4663-9a3b-2fbd4653aaa2,2025-10-06T21:57:40.393089,Qwen2_weighted_1_5,How do I introduce myself in English?,You are a helpful English teacher for beginner students. Answer with a paragraph only with plain text,"To introduce yourself in English, you should start by addressing yourself, which is your name. You can introduce yourself by asking, ""Hello, my name is [name],"" or ""My name is [name],"" where [name] is the name you wish to introduce yourself as. Make sure to use proper punctuation and spacing to create a clear and coherent introduction. For example, you might say, ""Hello, my name is [name]."" This simple, clear introduction demonstrates personal knowledge and can be a good starting point for any conversation.",Qwen2,Qwen/Qwen2.5-0.5B-Instruct-GGUF,True,False,P2,True,1.5,False,0.7,4.210455894470215,8.8,12.43,11.98,4.95,84,14,0.0,0.0,0.0,0.0,0.0,0.0,0,0,0,0,0,6.3,0.11,"To introduce yourself in English, you should start by addressing yourself, which is your name. You can introduce yourself by asking, ""Hello, my name is [name],"" or ""My name is [name],"" where [name] is the name you wish to introduce yourself as. Make sure to use proper punctuation and spacing to create a clear and coherent introduction. For example, you might say, ""Hello, my name is [name]."" This simple, clear introduction demonstrates personal knowledge and can be a good starting point for any conversation.",,,
901748be-c89e-4045-b576-33b71e107367,2025-10-06T21:57:42.151054,Qwen2_weighted_2_0,How do I introduce myself in English?,You are a helpful English teacher for beginner students. Answer with a paragraph only with plain text,"To introduce yourself in English, start by greeting someone by their name, or by saying, ""Hello, [name]! "" or ""Hello, [name]! "". This is a common and widely accepted way to begin an interaction, especially in informal settings. For more formal interactions, such as in a professional setting, you might introduce yourself by saying, ""Hello, [name], [name's last name]! "" or ""Hello, [name's last name], [name]. "" This approach is more appropriate and respects the context and the audience. Remember, the key is to be polite, respectful, and to be in the right place at the right time.",Qwen2,Qwen/Qwen2.5-0.5B-Instruct-GGUF,True,False,P2,True,2.0,False,0.7,1.6140379905700684,7.6,10.05,10.61,4.65,94,19,0.0,0.0,0.0,0.0,0.0,0.0,0,0,0,0,0,7.14,0.12,"To introduce yourself in English, start by greeting someone by their name, or by saying, ""Hello, [name]! "" or ""Hello, [name]! "". This is a common and widely accepted way to begin an interaction, especially in informal settings. For more formal interactions, such as in a professional setting, you might introduce yourself by saying, ""Hello, [name], [name's last name]! "" or ""Hello, [name's last name], [name]. "" This approach is more appropriate and respects the context and the audience. Remember, the key is to be polite, respectful, and to be in the right place at the right time.",,,
4fe163d1-088c-4d5f-82b6-ff624c4a9beb,2025-10-06T21:57:43.164756,Qwen2_weighted_4_0,How do I introduce myself in English?,You are a helpful English teacher for beginner students. Answer with a paragraph only with plain text,"To introduce yourself in English, you should start by greeting someone, then introducing yourself, and finally, concluding. When introducing yourself, you should start with your name, followed by your other name, and then, finally, your last name. For example, ""Hello, my name is John, and I am a student. "" This simple, natural, and polite introduction is widely understood and accepted.",Qwen2,Qwen/Qwen2.5-0.5B-Instruct-GGUF,True,False,P2,True,4.0,False,0.7,0.8544561862945557,9.53,12.0,12.6,4.82,60,12,0.0,0.0,0.0,0.0,0.0,0.0,0,0,0,0,0,4.82,0.08,"To introduce yourself in English, you should start by greeting someone, then introducing yourself, and finally, concluding. When introducing yourself, you should start with your name, followed by your other name, and then, finally, your last name. For example, ""Hello, my name is John, and I am a student. "" This simple, natural, and polite introduction is widely understood and accepted.",,,
318e8ff5-c132-4f27-8845-7788df02299d,2025-10-06T21:58:40.203038,Qwen3_weighted_1_5,How do I introduce myself in English?,You are a helpful English teacher for beginner students. Answer with a paragraph only with plain text,"Hi! My name is [name], and I’m [interests/abilities]. I’m [a short sentence about your personality or what you enjoy]. Let me know if you'd like to share more! 😊",Qwen3,ggml-org/Qwen3-0.6B-GGUF,True,False,P2,True,1.5,False,0.7,56.63149380683899,4.49,6.59,7.79,2.77,28,2,0.0,0.0,0.0,0.0,0.0,0.0,0,0,0,0,0,1.94,0.03,"Hi! My name is [name], and I’m [interests/abilities]. I’m [a short sentence about your personality or what you enjoy]. Let me know if you'd like to share more!",,,
5b46b8b6-6b86-4c02-a0d1-638fb0646476,2025-10-06T21:59:21.948462,Qwen3_weighted_2_0,How do I introduce myself in English?,You are a helpful English teacher for beginner students. Answer with a paragraph only with plain text,,Qwen3,ggml-org/Qwen3-0.6B-GGUF,True,False,P2,True,2.0,False,0.7,41.51970195770264,0.0,0.0,0.0,0.0,0,0,0.0,0.0,0.0,0.0,0.0,0.0,0,0,0,0,0,0.0,0.0,,,,
ea3396eb-e957-4aa6-a7e4-70247f6074d9,2025-10-06T22:00:27.861238,Qwen3_weighted_4_0,How do I introduce myself in English?,You are a helpful English teacher for beginner students. Answer with a paragraph only with plain text,"To introduce yourself in English, start with your name, then your address",Qwen3,ggml-org/Qwen3-0.6B-GGUF,True,False,P2,True,4.0,False,0.7,65.6301851272583,5.81,8.13,8.84,3.25,12,1,0.0,0.0,0.0,0.0,0.0,0.0,0,0,0,0,0,0.91,0.02,"To introduce yourself in English, start with your name, then your address",,,
fe32a09a-2920-436e-a75f-b38f2bf8366f,2025-10-06T22:05:03.238944,SmolLM_weighted_1_5,How do I introduce myself in English?,You are a helpful English teacher for beginner students. Answer with a paragraph only with plain text,"To introduce yourself in English, you can follow this structure:

""Hello, my name is [Your Name].""

In English, you can also use ""Hi"" as a greeting, followed by your name. For example:

""Hi, I'm [Your Name].""

This is a common and polite way to introduce yourself in English.",SmolLM,MaziyarPanahi/SmolLM-1.7B-Instruct-GGUF,True,False,P2,True,1.5,False,0.7,275.066997051239,5.56,7.3,8.08,3.79,48,6,0.0,0.0,0.0,0.0,0.0,0.0,0,0,0,0,0,3.29,0.05,"To introduce yourself in English, you can follow this structure: ""Hello, my name is [Your Name]."" In English, you can also use ""Hi"" as a greeting, followed by your name. For example: ""Hi, I'm [Your Name]."" This is a common and polite way to introduce yourself in English.",,,
115fa23a-0d07-4f7c-8ae3-d6926c95e18c,2025-10-06T22:10:08.709273,SmolLM_weighted_2_0,How do I introduce myself in English?,You are a helpful English teacher for beginner students. Answer with a paragraph only with plain text,,SmolLM,MaziyarPanahi/SmolLM-1.7B-Instruct-GGUF,True,False,P2,True,2.0,False,0.7,305.2866020202637,0.0,0.0,0.0,0.0,0,0,0.0,0.0,0.0,0.0,0.0,0.0,0,0,0,0,0,0.0,0.0,,,,
e08541a6-1c8d-42f6-889e-5841438885ad,2025-10-06T22:15:09.993410,SmolLM_weighted_4_0,How do I introduce myself in English?,You are a helpful English teacher for beginner students. Answer with a paragraph only with plain text,,SmolLM,MaziyarPanahi/SmolLM-1.7B-Instruct-GGUF,True,False,P2,True,4.0,False,0.7,301.10991287231445,0.0,0.0,0.0,0.0,0,0,0.0,0.0,0.0,0.0,0.0,0.0,0,0,0,0,0,0.0,0.0,,,,
3794a747-a941-4696-af49-cd06dfce006f,2025-10-06T22:16:17.973718,TinyLlama_weighted_1_5,How do I introduce myself in English?,You are a helpful English teacher for beginner students. Answer with a paragraph only with plain text,"As a beginner English teacher, it may take some time to find your footing in the classroom and start connecting with your students. However, there are a few simple steps you can take to make a good first impression: 1. Smile: A friendly smile and a warm greeting can go a long way in establishing rapport with your students. 2. Introduce yourself briefly: Begin by saying your name and then introducing your qualifications and experience in teaching English. This will help your students get to know you and your teaching style. 3. Give them a brief overview of your classroom and the content you'll be covering: If you're teaching a class that's new to your students, give them a general idea of what they'll be learning and how you'll be teaching it. 4. Be attentive to their questions and concerns: If your students ask you questions or have concerns about your",TinyLlama,TheBloke/TinyLlama-1.1B-Chat-v1.0-GGUF,True,False,P2,True,1.5,False,0.7,67.3806221485138,9.55,11.54,11.21,5.65,151,22,0.0,0.0,0.0,0.0,0.0,0.0,0,0,0,0,0,10.49,0.17,"As a beginner English teacher, it may take some time to find your footing in the classroom and start connecting with your students. However, there are a few simple steps you can take to make a good first impression: 1. Smile: A friendly smile and a warm greeting can go a long way in establishing rapport with your students. 2. Introduce yourself briefly: Begin by saying your name and then introducing your qualifications and experience in teaching English. This will help your students get to know you and your teaching style. 3. Give them a brief overview of your classroom and the content you'll be covering: If you're teaching a class that's new to your students, give them a general idea of what they'll be learning and how you'll be teaching it. 4. Be attentive to their questions and concerns: If your students ask you questions or have concerns about your",,,
950a1bd5-38c2-4cd1-ae06-627ca015c85e,2025-10-06T22:19:15.953284,TinyLlama_weighted_2_0,How do I introduce myself in English?,You are a helpful English teacher for beginner students. Answer with a paragraph only with plain text,"In English, you can introduce yourself in a sentence or a paragraph. Here's a simple example: - My name is [Your Name], and I'm a native English speaker living in [Your Country/City/State]. - I'm a student and have been studying English for [Number of Years] years now. - I'm a teacher and have been teaching English for [Number of Years] years now. Remember to be polite and formal in your introduction, but also try to show some personality and show your personality in your personality!",TinyLlama,TheBloke/TinyLlama-1.1B-Chat-v1.0-GGUF,True,False,P2,True,2.0,False,0.7,177.1113452911377,9.37,10.95,11.21,4.51,82,11,0.0,0.0,0.0,0.0,0.0,0.0,0,0,0,0,0,5.95,0.1,"In English, you can introduce yourself in a sentence or a paragraph. Here's a simple example: - My name is [Your Name], and I'm a native English speaker living in [Your Country/City/State]. - I'm a student and have been studying English for [Number of Years] years now. - I'm a teacher and have been teaching English for [Number of Years] years now. Remember to be polite and formal in your introduction, but also try to show some personality and show your personality in your personality!",,,
3e171ea8-5bfe-41b9-b524-2cbff7810c86,2025-10-06T22:33:16.624190,TinyLlama_weighted_4_0,How do I introduce myself in English?,You are a helpful English teacher for beginner students. Answer with a paragraph only with plain text,,TinyLlama,TheBloke/TinyLlama-1.1B-Chat-v1.0-GGUF,True,False,P2,True,4.0,False,0.7,840.2607688903809,0.0,0.0,0.0,0.0,0,0,0.0,0.0,0.0,0.0,0.0,0.0,0,0,0,0,0,0.0,0.0,,,,
fd619ea4-1ac1-4cac-8712-d91af7982ba3,2025-10-06T22:33:18.554351,TinyStories_weighted_1_5,How do I introduce myself in English?,You are a helpful English teacher for beginner students. Answer with a paragraph only with plain text,,TinyStories,roneneldan/TinyStories-33M,True,False,P2,True,1.5,False,0.7,1.4090230464935303,0.0,0.0,0.0,0.0,0,0,0.0,0.0,0.0,0.0,0.0,0.0,0,0,0,0,0,0.0,0.0,,,,
97d7058f-1016-411b-956e-f113e5208185,2025-10-06T22:33:19.030478,TinyStories_weighted_2_0,How do I introduce myself in English?,You are a helpful English teacher for beginner students. Answer with a paragraph only with plain text,,TinyStories,roneneldan/TinyStories-33M,True,False,P2,True,2.0,False,0.7,0.266970157623291,0.0,0.0,0.0,0.0,0,0,0.0,0.0,0.0,0.0,0.0,0.0,0,0,0,0,0,0.0,0.0,,,,
41e9f206-180e-4d8d-bc76-21e56b33c82a,2025-10-06T22:33:19.526733,TinyStories_weighted_4_0,How do I introduce myself in English?,You are a helpful English teacher for beginner students. Answer with a paragraph only with plain text,,TinyStories,roneneldan/TinyStories-33M,True,False,P2,True,4.0,False,0.7,0.3694298267364502,0.0,0.0,0.0,0.0,0,0,0.0,0.0,0.0,0.0,0.0,0.0,0,0,0,0,0,0.0,0.0,,,,
456971cd-491d-41d4-89d8-0a60d49ac402,2025-10-06T22:33:29.283772,Phi3_weighted_1_5,What is a dog?,You are a helpful English teacher for beginner students. Answer with a paragraph only with plain text,"A dog, also known as a canine, is a domesticated mammal that belongs to the Canidae family. They are one of the most common and widespread pets in the world. Dogs come in various breeds, sizes, and shapes, with some being small like Chihuahuas and some being large like Great Danes. They have a playful and social personality and are known for their loyalty and companionship to humans. Dogs have a keen sense of smell and hearing and are often used for tasks like herding livestock, guiding the blind, or even assisting in law enforcement. They communicate through barks, whines, and body language and can live for an average of 10-15 years. Dogs have been living with humans for thousands of years, and they play an important role in many cultures and societies worldwide.",Phi3,microsoft/Phi-3-mini-4k-instruct-gguf,True,False,P3,True,1.5,False,0.7,8.776180982589722,8.78,10.64,10.61,5.27,134,26,0.0,0.0,0.0,0.0,0.0,0.0,0,0,0,0,0,9.42,0.16,"A dog, also known as a canine, is a domesticated mammal that belongs to the Canidae family. They are one of the most common and widespread pets in the world. Dogs come in various breeds, sizes, and shapes, with some being small like Chihuahuas and some being large like Great Danes. They have a playful and social personality and are known for their loyalty and companionship to humans. Dogs have a keen sense of smell and hearing and are often used for tasks like herding livestock, guiding the blind, or even assisting in law enforcement. They communicate through barks, whines, and body language and can live for an average of 10-15 years. Dogs have been living with humans for thousands of years, and they play an important role in many cultures and societies worldwide.",,,
af94d9db-9580-4065-bb81-28df11d006bc,2025-10-06T22:33:36.806324,Phi3_weighted_2_0,What is a dog?,You are a helpful English teacher for beginner students. Answer with a paragraph only with plain text,"A dog is a domesticated mammal that belongs to the Canidae family. They are one of the most popular and widely kept pets in the world, with over 500 dog breeds. Dogs have been living and co-evolving with humans for thousands of years and have become an integral part of our lives. They are known for their loyalty, companionship, and ability to learn and perform various tasks. Dogs come in a variety of sizes, from small toy breeds to large and giant breeds. They can have different fur types, colors, and patterns, and they communicate through body language, barks, and other vocalizations. Dogs can be great family pets, but they also play important roles in many fields such as herding, hunting, and assisting people with disabilities. Overall, a dog is a beloved and versatile animal that can bring joy and love to our lives.",Phi3,microsoft/Phi-3-mini-4k-instruct-gguf,True,False,P3,True,2.0,False,0.7,7.14539098739624,9.29,11.37,12.16,4.99,144,27,0.0,0.0,0.0,0.0,0.0,0.0,0,0,0,0,0,10.09,0.17,"A dog is a domesticated mammal that belongs to the Canidae family. They are one of the most popular and widely kept pets in the world, with over 500 dog breeds. Dogs have been living and co-evolving with humans for thousands of years and have become an integral part of our lives. They are known for their loyalty, companionship, and ability to learn and perform various tasks. Dogs come in a variety of sizes, from small toy breeds to large and giant breeds. They can have different fur types, colors, and patterns, and they communicate through body language, barks, and other vocalizations. Dogs can be great family pets, but they also play important roles in many fields such as herding, hunting, and assisting people with disabilities. Overall, a dog is a beloved and versatile animal that can bring joy and love to our lives.",,,
4ee04846-6f3f-465e-9f3b-c03414bb36b8,2025-10-06T22:33:43.112372,Phi3_weighted_4_0,What is a dog?,You are a helpful English teacher for beginner students. Answer with a paragraph only with plain text,"A dog is a domesticated mammal that is a member of the canine family and one of the most popular pets in the world. Dogs have a long history of close association with humans and have been bred for various purposes such as herding, hunting, and companionship. They come in a wide variety of breeds with different sizes, coats, and temperaments. Typically, they have a wagging tail and a playful and loyal personality that makes them a great companion for many people. They can be very friendly and caring to their family and have an uncanny ability to read and respond to their human's emotions and cues.",Phi3,microsoft/Phi-3-mini-4k-instruct-gguf,True,False,P3,True,4.0,False,0.7,5.933388948440552,11.39,13.79,13.97,5.95,107,26,0.0,0.0,0.0,0.0,0.0,0.0,0,0,0,0,0,7.3,0.12,"A dog is a domesticated mammal that is a member of the canine family and one of the most popular pets in the world. Dogs have a long history of close association with humans and have been bred for various purposes such as herding, hunting, and companionship. They come in a wide variety of breeds with different sizes, coats, and temperaments. Typically, they have a wagging tail and a playful and loyal personality that makes them a great companion for many people. They can be very friendly and caring to their family and have an uncanny ability to read and respond to their human's emotions and cues.",,,
34a5ec25-1920-4375-808f-084f4e5ecfd4,2025-10-06T22:35:56.638771,Qwen2_weighted_1_5,What is a dog?,You are a helpful English teacher for beginner students. Answer with a paragraph only with plain text,"A dog is a domesticated animal, typically trained to perform various tasks such as hunting, herding, or performing for entertainment. Dogs are social animals, typically found in households, parks, and other places. They are valued for their companionship, loyalty, and ability to provide emotional support. Dogs are also trained to perform specific tasks, such as retrieving a ball, but are not trained in killing. Dogs come in various breeds, each with their own physical characteristics, temperament, and personality.",Qwen2,Qwen/Qwen2.5-0.5B-Instruct-GGUF,True,False,P3,True,1.5,False,0.7,133.1983630657196,11.52,15.47,14.27,6.24,78,26,0.0,0.0,0.0,0.0,0.0,0.0,0,0,0,0,0,6.49,0.11,"A dog is a domesticated animal, typically trained to perform various tasks such as hunting, herding, or performing for entertainment. Dogs are social animals, typically found in households, parks, and other places. They are valued for their companionship, loyalty, and ability to provide emotional support. Dogs are also trained to perform specific tasks, such as retrieving a ball, but are not trained in killing. Dogs come in various breeds, each with their own physical characteristics, temperament, and personality.",,,
55028bdd-6379-4ac5-8120-df30913e3e9e,2025-10-06T22:36:01.167962,Qwen2_weighted_2_0,What is a dog?,You are a helpful English teacher for beginner students. Answer with a paragraph only with plain text,"A dog is a type of domesticated canine, a member of the Canidae family. They are characterized by their ability to be loyal companions, loyal, affectionate, and affectionate. They are known for their intelligence, intelligence, and intelligence, and they are also known for their affection, affection, and affection, and their intelligence, intelligence, and intelligence. They are also known for their intelligence, intelligence, and intelligence, and they are also known for their intelligence, intelligence, and intelligence, and they are also known for their intelligence, intelligence, and intelligence, and they are also known for their intelligence, intelligence, and intelligence, and they are also known for their intelligence, intelligence, and intelligence, and they are also known for their intelligence, intelligence, and intelligence, and they are also known for their intelligence, intelligence, and intelligence, and they are also known for their intelligence, intelligence, and intelligence, and they are also known for their intelligence, intelligence, and intelligence,",Qwen2,Qwen/Qwen2.5-0.5B-Instruct-GGUF,True,False,P3,True,2.0,False,0.7,4.305488109588623,21.82,26.25,21.86,8.74,152,9,0.0,0.0,0.0,0.0,0.0,0.0,0,0,0,0,0,13.76,0.23,"A dog is a type of domesticated canine, a member of the Canidae family. They are characterized by their ability to be loyal companions, loyal, affectionate, and affectionate. They are known for their intelligence, intelligence, and intelligence, and they are also known for their affection, affection, and affection, and their intelligence, intelligence, and intelligence. They are also known for their intelligence, intelligence, and intelligence, and they are also known for their intelligence, intelligence, and intelligence, and they are also known for their intelligence, intelligence, and intelligence, and they are also known for their intelligence, intelligence, and intelligence, and they are also known for their intelligence, intelligence, and intelligence, and they are also known for their intelligence, intelligence, and intelligence, and they are also known for their intelligence, intelligence, and intelligence, and they are also known for their intelligence, intelligence, and intelligence, and they are also known for their intelligence, intelligence, and intelligence,",,,
8d666fb6-793f-4053-ae85-95fcb0c80afb,2025-10-06T22:36:03.343204,Qwen2_weighted_4_0,What is a dog?,You are a helpful English teacher for beginner students. Answer with a paragraph only with plain text,"Dogs, also known as canines, are intelligent, social, and loyal animals. They are found in various sizes, breeds, and colors, and are often used for companionship, protection, hunting, and therapy. Dogs are noted for their loyalty, social behavior, and ability to form strong, loving bonds. They are also known for their intelligence, which, combined with their intelligence, makes them particularly fascinating. Dogs, whether as pets or as companions, are appreciated for their companionship, loyalty, and ability to form strong, loving bonds.",Qwen2,Qwen/Qwen2.5-0.5B-Instruct-GGUF,True,False,P3,True,4.0,False,0.7,2.0081191062927246,11.71,15.37,13.97,6.31,81,24,0.0,0.0,0.0,0.0,0.0,0.0,0,0,0,0,0,6.82,0.11,"Dogs, also known as canines, are intelligent, social, and loyal animals. They are found in various sizes, breeds, and colors, and are often used for companionship, protection, hunting, and therapy. Dogs are noted for their loyalty, social behavior, and ability to form strong, loving bonds. They are also known for their intelligence, which, combined with their intelligence, makes them particularly fascinating. Dogs, whether as pets or as companions, are appreciated for their companionship, loyalty, and ability to form strong, loving bonds.",,,
273724e3-b0c0-41ba-9787-f132aaac049a,2025-10-06T22:38:28.542466,Qwen3_weighted_1_5,What is a dog?,You are a helpful English teacher for beginner students. Answer with a paragraph only with plain text,"A dog is an animal, just like a cat or a bird. Dogs are friendly, loyal, and often used as companions. They have fur, like other animals, and they play games, like chasing.",Qwen3,ggml-org/Qwen3-0.6B-GGUF,True,False,P3,True,1.5,False,0.7,144.80221486091614,4.43,6.82,8.84,3.43,33,4,0.0,0.0,0.0,0.0,0.0,0.0,0,0,0,0,0,2.06,0.03,"A dog is an animal, just like a cat or a bird. Dogs are friendly, loyal, and often used as companions. They have fur, like other animals, and they play games, like chasing.",,,
829289bb-bfb9-4a5b-b2c5-70070847f97e,2025-10-06T22:43:29.909397,Qwen3_weighted_2_0,What is a dog?,You are a helpful English teacher for beginner students. Answer with a paragraph only with plain text,,Qwen3,ggml-org/Qwen3-0.6B-GGUF,True,False,P3,True,2.0,False,0.7,301.1223921775818,0.0,0.0,0.0,0.0,0,0,0.0,0.0,0.0,0.0,0.0,0.0,0,0,0,0,0,0.0,0.0,,,,
e8b1c3b8-2565-4407-b2c7-1821065d8eeb,2025-10-06T22:48:35.914584,Qwen3_weighted_4_0,What is a dog?,You are a helpful English teacher for beginner students. Answer with a paragraph only with plain text,,Qwen3,ggml-org/Qwen3-0.6B-GGUF,True,False,P3,True,4.0,False,0.7,305.3932249546051,0.0,0.0,0.0,0.0,0,0,0.0,0.0,0.0,0.0,0.0,0.0,0,0,0,0,0,0.0,0.0,,,,
6381089d-fd8a-4787-88f0-91afd27944f7,2025-10-06T22:53:38.581972,SmolLM_weighted_1_5,What is a dog?,You are a helpful English teacher for beginner students. Answer with a paragraph only with plain text,,SmolLM,MaziyarPanahi/SmolLM-1.7B-Instruct-GGUF,True,False,P3,True,1.5,False,0.7,302.06772112846375,0.0,0.0,0.0,0.0,0,0,0.0,0.0,0.0,0.0,0.0,0.0,0,0,0,0,0,0.0,0.0,,,,
fc0ddddc-75ea-493d-87c9-769170644b03,2025-10-06T22:58:40.940516,SmolLM_weighted_2_0,What is a dog?,You are a helpful English teacher for beginner students. Answer with a paragraph only with plain text,,SmolLM,MaziyarPanahi/SmolLM-1.7B-Instruct-GGUF,True,False,P3,True,2.0,False,0.7,302.1820502281189,0.0,0.0,0.0,0.0,0,0,0.0,0.0,0.0,0.0,0.0,0.0,0,0,0,0,0,0.0,0.0,,,,
ed3ce16d-7558-4914-8ce0-f5046402e330,2025-10-06T23:03:42.047091,SmolLM_weighted_4_0,What is a dog?,You are a helpful English teacher for beginner students. Answer with a paragraph only with plain text,,SmolLM,MaziyarPanahi/SmolLM-1.7B-Instruct-GGUF,True,False,P3,True,4.0,False,0.7,300.94571185112,0.0,0.0,0.0,0.0,0,0,0.0,0.0,0.0,0.0,0.0,0.0,0,0,0,0,0,0.0,0.0,,,,
e6c5ffb9-cc72-4fdc-9d47-11c32078dac0,2025-10-06T23:07:41.101923,TinyLlama_weighted_1_5,What is a dog?,You are a helpful English teacher for beginner students. Answer with a paragraph only with plain text,"A dog is a mammal with a long, bushy tail, a face that looks like it's in the middle of a conversation between people and one or more ears that stand up or sit on its head. Dogs have four legs and can run, jump, and swim. They have a strong sense of smell and can hear very well from a distance. A dog's barking or howling can be a warning or a signal for the dog and its owner to get closer to each other. Dogs come in many different breeds and sizes and have many different names.",TinyLlama,TheBloke/TinyLlama-1.1B-Chat-v1.0-GGUF,True,False,P3,True,1.5,False,0.7,238.1993968486786,6.79,8.32,7.55,4.5,99,10,0.0,0.0,0.0,0.0,0.0,0.0,0,0,0,0,0,5.64,0.09,"A dog is a mammal with a long, bushy tail, a face that looks like it's in the middle of a conversation between people and one or more ears that stand up or sit on its head. Dogs have four legs and can run, jump, and swim. They have a strong sense of smell and can hear very well from a distance. A dog's barking or howling can be a warning or a signal for the dog and its owner to get closer to each other. Dogs come in many different breeds and sizes and have many different names.",,,
b4f8b825-dca8-4ef2-b7d6-b4639f1ad7f6,2025-10-06T23:08:08.734400,TinyLlama_weighted_2_0,What is a dog?,You are a helpful English teacher for beginner students. Answer with a paragraph only with plain text,"A dog is a domesticated animal of the dog family that has a long, bushy tail and a muzzle with a short snout. Dogs come in many breeds and colors and may be friendly, playful, and curious or reserved and protective. They can be big or small and have a love for humans and their owners.",TinyLlama,TheBloke/TinyLlama-1.1B-Chat-v1.0-GGUF,True,False,P3,True,2.0,False,0.7,27.132971048355103,7.92,9.61,10.5,5.01,56,10,0.0,0.0,0.0,0.0,0.0,0.0,0,0,0,0,0,3.38,0.06,"A dog is a domesticated animal of the dog family that has a long, bushy tail and a muzzle with a short snout. Dogs come in many breeds and colors and may be friendly, playful, and curious or reserved and protective. They can be big or small and have a love for humans and their owners.",,,
642f472d-b934-48b6-b698-21ad8282411a,2025-10-06T23:09:43.185836,TinyLlama_weighted_4_0,What is a dog?,You are a helpful English teacher for beginner students. Answer with a paragraph only with plain text,"A dog is a mammal with a head and a body and a tail, and it can walk on its four legs or swim in water. - a dog's tail can be a tail or a trunk and it can have a tail shake or a tail stand on end or a tail that's not there or a tail that's long or short or crooked or not crooked or a tail that's a tail or a tail that's a tail with a tail or a tail that's not a tail or a tail that's not a tail with a tail or a tail that's not a tail with a tail or a tail that's not a tail with a tail or a tail that's not a tail with a tail or a tail that's not a tail with a tail or a tail that's not a tail with a tail or a tail that's not a tail with a tail or",TinyLlama,TheBloke/TinyLlama-1.1B-Chat-v1.0-GGUF,True,False,P3,True,4.0,False,0.7,94.16661596298218,27.78,32.0,3.13,12.17,160,1,0.0,0.0,0.0,0.0,0.0,0.0,0,0,0,0,0,7.2,0.12,"A dog is a mammal with a head and a body and a tail, and it can walk on its four legs or swim in water. - a dog's tail can be a tail or a trunk and it can have a tail shake or a tail stand on end or a tail that's not there or a tail that's long or short or crooked or not crooked or a tail that's a tail or a tail that's a tail with a tail or a tail that's not a tail or a tail that's not a tail with a tail or a tail that's not a tail with a tail or a tail that's not a tail with a tail or a tail that's not a tail with a tail or a tail that's not a tail with a tail or a tail that's not a tail with a tail or a tail that's not a tail with a tail or",,,
08e88840-41df-456e-bf57-89d4495768f5,2025-10-06T23:09:44.395539,TinyStories_weighted_1_5,What is a dog?,You are a helpful English teacher for beginner students. Answer with a paragraph only with plain text,,TinyStories,roneneldan/TinyStories-33M,True,False,P3,True,1.5,False,0.7,1.0589208602905273,0.0,0.0,0.0,0.0,0,0,0.0,0.0,0.0,0.0,0.0,0.0,0,0,0,0,0,0.0,0.0,,,,
2715ca58-d498-4817-b3ec-cf8dcbb4e116,2025-10-06T23:09:44.558962,TinyStories_weighted_2_0,What is a dog?,You are a helpful English teacher for beginner students. Answer with a paragraph only with plain text,,TinyStories,roneneldan/TinyStories-33M,True,False,P3,True,2.0,False,0.7,0.0531001091003418,0.0,0.0,0.0,0.0,0,0,0.0,0.0,0.0,0.0,0.0,0.0,0,0,0,0,0,0.0,0.0,,,,
f2b6f0a5-34cf-412e-8b21-db6d42b9666b,2025-10-06T23:09:44.670229,TinyStories_weighted_4_0,What is a dog?,You are a helpful English teacher for beginner students. Answer with a paragraph only with plain text,,TinyStories,roneneldan/TinyStories-33M,True,False,P3,True,4.0,False,0.7,0.005883932113647461,0.0,0.0,0.0,0.0,0,0,0.0,0.0,0.0,0.0,0.0,0.0,0,0,0,0,0,0.0,0.0,,,,
46b6649d-7a73-41bd-92f3-a25d96ab4bea,2025-10-06T23:09:50.572610,Phi3_weighted_1_5,Can you explain what 'breakfast' is?,You are a helpful English teacher for beginner students. Answer with a paragraph only with plain text,"Breakfast is the first meal of the day, typically eaten in the morning after waking up from sleep. It is a vital meal that provides the body with energy and nutrients to start the day. Breakfast can include a variety of foods and beverages such as cereals, toast, fruits, eggs, milk, coffee, and juice. Having a balanced breakfast can help maintain a person's overall health and may contribute to better weight management and improved concentration and productivity. It is often considered the most important meal of the day, as it kick-starts the metabolism and helps in the proper functioning of the body.",Phi3,microsoft/Phi-3-mini-4k-instruct-gguf,True,False,P4,True,1.5,False,0.7,5.638375997543335,10.88,13.65,13.02,5.65,102,23,0.0,0.0,0.0,0.0,0.0,0.0,0,0,0,0,0,7.43,0.12,"Breakfast is the first meal of the day, typically eaten in the morning after waking up from sleep. It is a vital meal that provides the body with energy and nutrients to start the day. Breakfast can include a variety of foods and beverages such as cereals, toast, fruits, eggs, milk, coffee, and juice. Having a balanced breakfast can help maintain a person's overall health and may contribute to better weight management and improved concentration and productivity. It is often considered the most important meal of the day, as it kick-starts the metabolism and helps in the proper functioning of the body.",,,
f75532b4-43fd-4646-a363-7b70c6c45fef,2025-10-06T23:09:55.281182,Phi3_weighted_2_0,Can you explain what 'breakfast' is?,You are a helpful English teacher for beginner students. Answer with a paragraph only with plain text,"Breakfast is the first meal of the day that people eat after a night of sleeping. It typically consists of foods like cereals, breads, fruits, milk, and beverages like juice or coffee. The term ""breakfast"" comes from the Old English word ""breac"" and ""fast,"" which means to end the night's fasting and start the day with food. Eating breakfast can provide the body with the necessary nutrients and energy to start the day and can also help with concentration and productivity. It is generally considered an important meal to eat, and many people make it a priority in their morning routine.",Phi3,microsoft/Phi-3-mini-4k-instruct-gguf,True,False,P4,True,2.0,False,0.7,4.535833835601807,9.7,12.44,11.98,5.13,101,17,0.0,0.0,0.0,0.0,0.0,0.0,0,0,0,0,0,7.18,0.12,"Breakfast is the first meal of the day that people eat after a night of sleeping. It typically consists of foods like cereals, breads, fruits, milk, and beverages like juice or coffee. The term ""breakfast"" comes from the Old English word ""breac"" and ""fast,"" which means to end the night's fasting and start the day with food. Eating breakfast can provide the body with the necessary nutrients and energy to start the day and can also help with concentration and productivity. It is generally considered an important meal to eat, and many people make it a priority in their morning routine.",,,
6511180b-a1db-4448-a543-f86a9a5aed3b,2025-10-06T23:09:59.439378,Phi3_weighted_4_0,Can you explain what 'breakfast' is?,You are a helpful English teacher for beginner students. Answer with a paragraph only with plain text,"Breakfast is the first meal of the day that people eat in the morning to start their day with energy and nutrition. It typically consists of a balanced meal that can include foods like cereals, fruits, breads, and beverages like milk or juice. Having a good breakfast can help with maintaining a balanced diet and may have a positive effect on one's mood and concentration for the day's activities. It's an important meal that can be tailored to one's tastes and dietary needs.",Phi3,microsoft/Phi-3-mini-4k-instruct-gguf,True,False,P4,True,4.0,False,0.7,4.003442049026489,9.56,13.12,12.6,5.53,83,16,0.0,0.0,0.0,0.0,0.0,0.0,0,0,0,0,0,5.8,0.1,"Breakfast is the first meal of the day that people eat in the morning to start their day with energy and nutrition. It typically consists of a balanced meal that can include foods like cereals, fruits, breads, and beverages like milk or juice. Having a good breakfast can help with maintaining a balanced diet and may have a positive effect on one's mood and concentration for the day's activities. It's an important meal that can be tailored to one's tastes and dietary needs.",,,
490ca951-35c3-4a5f-bf08-c652699c33ea,2025-10-06T23:10:03.284880,Qwen2_weighted_1_5,Can you explain what 'breakfast' is?,You are a helpful English teacher for beginner students. Answer with a paragraph only with plain text,"Breakfast is a meal consumed in the morning, typically the first meal of the day. It is a significant part of the daily diet, serving as the first meal of the day. The meal consists of a variety of foods, including a protein source, a fat source, and a carbohydrates source. In the morning, these components are combined in a balanced, nutritious meal that provides essential nutrients and energy for the body.",Qwen2,Qwen/Qwen2.5-0.5B-Instruct-GGUF,True,False,P4,True,1.5,False,0.7,3.6827099323272705,9.13,12.76,12.16,5.53,72,18,0.0,0.0,0.0,0.0,0.0,0.0,0,0,0,0,0,4.98,0.08,"Breakfast is a meal consumed in the morning, typically the first meal of the day. It is a significant part of the daily diet, serving as the first meal of the day. The meal consists of a variety of foods, including a protein source, a fat source, and a carbohydrates source. In the morning, these components are combined in a balanced, nutritious meal that provides essential nutrients and energy for the body.",,,
0ab0e191-d2c3-47de-9716-7d754141f3a2,2025-10-06T23:10:04.441136,Qwen2_weighted_2_0,Can you explain what 'breakfast' is?,You are a helpful English teacher for beginner students. Answer with a paragraph only with plain text,"Certainly! 'Breakfast' is a fundamental concept in the daily routine, marking the start of the day. It is a crucial time for the body and mind, as it signals the start of a new day of activities and activities. Breakfast is not only a meal but also a transition from the sleep period to the active and energized phase of the day. It is the foundation of the day's activities, serving as a signal to the body and mind that it is time for work, study, or any other activity.",Qwen2,Qwen/Qwen2.5-0.5B-Instruct-GGUF,True,False,P4,True,2.0,False,0.7,1.010098934173584,10.62,13.0,12.16,5.64,90,15,0.0,0.0,0.0,0.0,0.0,0.0,0,0,0,0,0,5.63,0.09,"Certainly! 'Breakfast' is a fundamental concept in the daily routine, marking the start of the day. It is a crucial time for the body and mind, as it signals the start of a new day of activities and activities. Breakfast is not only a meal but also a transition from the sleep period to the active and energized phase of the day. It is the foundation of the day's activities, serving as a signal to the body and mind that it is time for work, study, or any other activity.",,,
2ff0f7a0-4b6c-4cf9-a28c-5a244de158f7,2025-10-06T23:10:06.437692,Qwen2_weighted_4_0,Can you explain what 'breakfast' is?,You are a helpful English teacher for beginner students. Answer with a paragraph only with plain text,"breakfast, as a meal, is typically the first meal of the day. It's the time when, in many cultures, people's body's energy is restored, and the day's tasks, including work, are refreshed. It's a time of the day, when the body's systems, including digestion, are activated, and the body's energy, including the energy, is put to work. Therefore, breakfast, as a meal, is a significant, and crucial, meal, in the daily, and, in, many, and, many, and, and, and, and, and, and, and, and, and, and, and, and, and, and, and, and, and, and, and, and, and, and, and, and, and, and, and, and, and, and, and, and, and, and, and, and, and, and, and, and, and, and, and, and,",Qwen2,Qwen/Qwen2.5-0.5B-Instruct-GGUF,True,False,P4,True,4.0,False,0.7,1.8665990829467773,11.65,15.33,12.16,6.5,120,14,0.0,0.0,0.0,0.0,0.0,0.0,0,0,0,0,0,7.99,0.13,"breakfast, as a meal, is typically the first meal of the day. It's the time when, in many cultures, people's body's energy is restored, and the day's tasks, including work, are refreshed. It's a time of the day, when the body's systems, including digestion, are activated, and the body's energy, including the energy, is put to work. Therefore, breakfast, as a meal, is a significant, and crucial, meal, in the daily, and, in, many, and, many, and, and, and, and, and, and, and, and, and, and, and, and, and, and, and, and, and, and, and, and, and, and, and, and, and, and, and, and, and, and, and, and, and, and, and, and, and, and, and, and, and, and, and, and,",,,
980d2c0f-c6ec-4121-a2d5-f4a532a3e95a,2025-10-06T23:10:57.571486,Qwen3_weighted_1_5,Can you explain what 'breakfast' is?,You are a helpful English teacher for beginner students. Answer with a paragraph only with plain text,"Breakfast is a meal consumed in the morning, typically the first meal of the day, and it's very important. It's a crucial part of your day, helping you start the day with energy and better health. Whether",Qwen3,ggml-org/Qwen3-0.6B-GGUF,True,False,P4,True,1.5,False,0.7,50.61785435676575,7.89,9.56,10.13,4.84,37,6,0.0,0.0,0.0,0.0,0.0,0.0,0,0,0,0,0,2.47,0.04,"Breakfast is a meal consumed in the morning, typically the first meal of the day, and it's very important. It's a crucial part of your day, helping you start the day with energy and better health. Whether",,,
ffc4b2ae-59b9-4af1-8c57-c610f58a356f,2025-10-06T23:12:04.825020,Qwen3_weighted_2_0,Can you explain what 'breakfast' is?,You are a helpful English teacher for beginner students. Answer with a paragraph only with plain text,"<think>
Okay, the user is asking, ""Can you explain what 'breakfast' is?"" So, I need to answer this. Let's start by recalling the basic definition. Breakfast is a meal, usually in the morning, that's the first meal of the day. But I should make sure to explain it properly.

First, I should mention that it's a meal, like a breakfast. Then, maybe include that it's a common time to have breakfast. Also, maybe mention that breakfast can be different, like in some countries, they have different meals. But since the user is asking for a basic explanation, I can focus on the main points: the definition, its importance, and examples. Wait, but maybe include that breakfast is a meal, not just a time. That's a good point. Also, maybe mention that breakfast can vary in different cultures. But keep it simple. Let me structure it: define, importance, examples, and maybe a fun fact. That",Qwen3,ggml-org/Qwen3-0.6B-GGUF,True,False,P4,True,2.0,False,0.7,66.62098622322083,5.71,7.0,8.63,4.01,154,20,0.0,0.0,0.0,0.0,0.0,0.0,0,0,0,0,0,10.74,0.18,"<think> Okay, the user is asking, ""Can you explain what 'breakfast' is?"" So, I need to answer this. Let's start by recalling the basic definition. Breakfast is a meal, usually in the morning, that's the first meal of the day. But I should make sure to explain it properly. First, I should mention that it's a meal, like a breakfast. Then, maybe include that it's a common time to have breakfast. Also, maybe mention that breakfast can be different, like in some countries, they have different meals. But since the user is asking for a basic explanation, I can focus on the main points: the definition, its importance, and examples. Wait, but maybe include that breakfast is a meal, not just a time. That's a good point. Also, maybe mention that breakfast can vary in different cultures. But keep it simple. Let me structure it: define, importance, examples, and maybe a fun fact. That",,,
5411704f-47c0-49c5-ac0d-120100f66411,2025-10-06T23:13:12.292790,Qwen3_weighted_4_0,Can you explain what 'breakfast' is?,You are a helpful English teacher for beginner students. Answer with a paragraph only with plain text,"Breakfast is the first meal of the day, typically consumed right after dinner. It's often enjoyed in",Qwen3,ggml-org/Qwen3-0.6B-GGUF,True,False,P4,True,4.0,False,0.7,67.13482785224915,5.08,5.75,7.17,3.56,17,3,0.0,0.0,0.0,0.0,0.0,0.0,0,0,0,0,0,1.23,0.02,"Breakfast is the first meal of the day, typically consumed right after dinner. It's often enjoyed in",,,
ae6947a5-669b-42d8-8019-b08bc1a2b9e5,2025-10-06T23:15:14.944000,SmolLM_weighted_1_5,Can you explain what 'breakfast' is?,You are a helpful English teacher for beginner students. Answer with a paragraph only with plain text,"Breakfast is a meal that is typically eaten in the morning, typically consisting of a combination of food and drink. It is often believed to provide the energy and nutrients needed to start the day.",SmolLM,MaziyarPanahi/SmolLM-1.7B-Instruct-GGUF,True,False,P4,True,1.5,False,0.7,122.40492177009583,9.78,13.86,13.02,5.52,35,8,0.0,0.0,0.0,0.0,0.0,0.0,0,0,0,0,0,2.41,0.04,"Breakfast is a meal that is typically eaten in the morning, typically consisting of a combination of food and drink. It is often believed to provide the energy and nutrients needed to start the day.",,,
85b8c3a6-f31a-4e88-b233-e8df34f2480b,2025-10-06T23:20:15.653533,SmolLM_weighted_2_0,Can you explain what 'breakfast' is?,You are a helpful English teacher for beginner students. Answer with a paragraph only with plain text,,SmolLM,MaziyarPanahi/SmolLM-1.7B-Instruct-GGUF,True,False,P4,True,2.0,False,0.7,300.55089116096497,0.0,0.0,0.0,0.0,0,0,0.0,0.0,0.0,0.0,0.0,0.0,0,0,0,0,0,0.0,0.0,,,,
ffddd8ca-32f6-44e3-961c-65763e48b211,2025-10-06T23:39:47.297573,SmolLM_weighted_4_0,Can you explain what 'breakfast' is?,You are a helpful English teacher for beginner students. Answer with a paragraph only with plain text,,SmolLM,MaziyarPanahi/SmolLM-1.7B-Instruct-GGUF,True,False,P4,True,4.0,False,0.7,1171.4783432483673,0.0,0.0,0.0,0.0,0,0,0.0,0.0,0.0,0.0,0.0,0.0,0,0,0,0,0,0.0,0.0,,,,
4aafde94-1c89-435d-b577-59df780ecc78,2025-10-06T23:41:18.789888,TinyLlama_weighted_1_5,Can you explain what 'breakfast' is?,You are a helpful English teacher for beginner students. Answer with a paragraph only with plain text,"'Breakfast' is the meal that is usually eaten in the morning after a meal that is usually eaten in the evening. It typically consists of a variety of foods that are high in carbohydrates and protein, and usually includes breakfast bread, cereal, fruit, and milk or yogurt. It's a way to start the day and give the body the energy it needs to get through the morning and then go about its activities for the day.",TinyLlama,TheBloke/TinyLlama-1.1B-Chat-v1.0-GGUF,True,False,P4,True,1.5,False,0.7,91.02209782600403,11.99,14.34,13.02,5.77,76,10,0.0,0.0,0.0,0.0,0.0,0.0,0,0,0,0,0,4.94,0.08,"'Breakfast' is the meal that is usually eaten in the morning after a meal that is usually eaten in the evening. It typically consists of a variety of foods that are high in carbohydrates and protein, and usually includes breakfast bread, cereal, fruit, and milk or yogurt. It's a way to start the day and give the body the energy it needs to get through the morning and then go about its activities for the day.",,,
2c9d60f3-474f-426e-8c67-c943c814c43b,2025-10-06T23:41:55.084324,TinyLlama_weighted_2_0,Can you explain what 'breakfast' is?,You are a helpful English teacher for beginner students. Answer with a paragraph only with plain text,"Sure! 'Breakfast' is the meal that you have before you start your day or after you have finished a long and tiring day. It is a meal that you eat to kick-start your body and give it the energy it needs to get through the morning. Breakfast can come in the form of a snack, a meal or a combination of both. It may be a simple breakfast like a cup of coffee or a cup of juice or a tasty breakfast sandwich or a breakfast smoothie. It may be a full breakfast like a breakfast burrito or a breakfast salad or a breakfast smoothie with sweet and savory toppings. In short, breakfast is a meal that you eat to start your day!",TinyLlama,TheBloke/TinyLlama-1.1B-Chat-v1.0-GGUF,True,False,P4,True,2.0,False,0.7,36.01322817802429,7.47,9.5,7.79,4.5,123,10,0.0,0.0,0.0,0.0,0.0,0.0,0,0,0,0,0,7.3,0.12,"Sure! 'Breakfast' is the meal that you have before you start your day or after you have finished a long and tiring day. It is a meal that you eat to kick-start your body and give it the energy it needs to get through the morning. Breakfast can come in the form of a snack, a meal or a combination of both. It may be a simple breakfast like a cup of coffee or a cup of juice or a tasty breakfast sandwich or a breakfast smoothie. It may be a full breakfast like a breakfast burrito or a breakfast salad or a breakfast smoothie with sweet and savory toppings. In short, breakfast is a meal that you eat to start your day!",,,
fac852fc-a48d-4f64-9de0-8b81b7f3168c,2025-10-06T23:43:32.230621,TinyLlama_weighted_4_0,Can you explain what 'breakfast' is?,You are a helpful English teacher for beginner students. Answer with a paragraph only with plain text,'Breakfast' in this context refers to a meal that you eat in the morning to start your day or to give you an energy boost to face the day ahead. Breakfast can be a sweet or savory meal that you enjoy after a good sleep or after a long day's work. It can be a breakfast meal that you make for your family or a breakfast meal that you enjoy on your own or with a friend or a spouse. 'Breakfast' can be a meal that you enjoy in the morning to start your day or to give you an energy boost to face the day ahead. 'Breakfast' can be a meal that you make for your family or a meal that you enjoy on your own or with a friend or a spouse. 'Breakfast' can be a meal that you enjoy in the morning to start your day or to give you an energy,TinyLlama,TheBloke/TinyLlama-1.1B-Chat-v1.0-GGUF,True,False,P4,True,4.0,False,0.7,96.66948628425598,8.8,11.37,8.84,4.81,155,4,0.0,0.0,0.0,0.0,0.0,0.0,0,0,0,0,0,8.46,0.14,'Breakfast' in this context refers to a meal that you eat in the morning to start your day or to give you an energy boost to face the day ahead. Breakfast can be a sweet or savory meal that you enjoy after a good sleep or after a long day's work. It can be a breakfast meal that you make for your family or a breakfast meal that you enjoy on your own or with a friend or a spouse. 'Breakfast' can be a meal that you enjoy in the morning to start your day or to give you an energy boost to face the day ahead. 'Breakfast' can be a meal that you make for your family or a meal that you enjoy on your own or with a friend or a spouse. 'Breakfast' can be a meal that you enjoy in the morning to start your day or to give you an energy,,,
397f277a-4887-41b7-a858-1ac4a5f97aae,2025-10-06T23:43:33.521466,TinyStories_weighted_1_5,Can you explain what 'breakfast' is?,You are a helpful English teacher for beginner students. Answer with a paragraph only with plain text,,TinyStories,roneneldan/TinyStories-33M,True,False,P4,True,1.5,False,0.7,1.1036999225616455,0.0,0.0,0.0,0.0,0,0,0.0,0.0,0.0,0.0,0.0,0.0,0,0,0,0,0,0.0,0.0,,,,
e14bb0e1-08a0-4c16-886e-812f4eb2865d,2025-10-06T23:43:33.649958,TinyStories_weighted_2_0,Can you explain what 'breakfast' is?,You are a helpful English teacher for beginner students. Answer with a paragraph only with plain text,,TinyStories,roneneldan/TinyStories-33M,True,False,P4,True,2.0,False,0.7,0.008635759353637695,0.0,0.0,0.0,0.0,0,0,0.0,0.0,0.0,0.0,0.0,0.0,0,0,0,0,0,0.0,0.0,,,,
d576c804-343f-4bb6-bd0f-c6f0f7c221ed,2025-10-06T23:43:33.769240,TinyStories_weighted_4_0,Can you explain what 'breakfast' is?,You are a helpful English teacher for beginner students. Answer with a paragraph only with plain text,,TinyStories,roneneldan/TinyStories-33M,True,False,P4,True,4.0,False,0.7,0.006625175476074219,0.0,0.0,0.0,0.0,0,0,0.0,0.0,0.0,0.0,0.0,0.0,0,0,0,0,0,0.0,0.0,,,,
24c04827-851c-4ffb-abfb-c7fe36c7bee7,2025-10-06T23:43:40.727989,Phi3_weighted_1_5,What is the difference between 'big' and 'large'?,You are a helpful English teacher for beginner students. Answer with a paragraph only with plain text,"The difference between the words 'big' and 'large' is subtle but important. Both words are used to describe the size of an object or amount, but they have slightly different connotations. 'Big' generally refers to a considerable size or volume in a more general sense. It can be used in a variety of contexts, for example, a big house or a big number. On the other hand, 'large' often implies a more significant or impressive size compared to 'big'. For example, a large elephant or a large crowd. In some cases, the two words can be used interchangeably, but choosing one over the other can add nuance to your description. Remember that the context and the specific object or idea you're describing can influence which word to choose.",Phi3,microsoft/Phi-3-mini-4k-instruct-gguf,True,False,P5,True,1.5,False,0.7,6.474693775177002,8.81,10.46,12.16,4.84,128,24,0.0,0.0,0.0,0.0,0.0,0.0,0,0,0,0,0,8.93,0.15,"The difference between the words 'big' and 'large' is subtle but important. Both words are used to describe the size of an object or amount, but they have slightly different connotations. 'Big' generally refers to a considerable size or volume in a more general sense. It can be used in a variety of contexts, for example, a big house or a big number. On the other hand, 'large' often implies a more significant or impressive size compared to 'big'. For example, a large elephant or a large crowd. In some cases, the two words can be used interchangeably, but choosing one over the other can add nuance to your description. Remember that the context and the specific object or idea you're describing can influence which word to choose.",,,
585be00c-e269-4390-9765-027d508dcf17,2025-10-06T23:43:47.133257,Phi3_weighted_2_0,What is the difference between 'big' and 'large'?,You are a helpful English teacher for beginner students. Answer with a paragraph only with plain text,"The difference between the words 'big' and 'large' is very subtle and can be considered synonyms in many contexts, but there can be a slight distinction in their usage. Generally, 'big' is used to describe the size of something in a more general or abstract sense, while 'large' can be used to describe the size or magnitude of something in a more specific or tangible way. For example, you might say a big elephant or a large elephant to convey the same idea, but the word 'large' may be more appropriate when discussing the elephant's size in a measurable or concrete way. However, these distinctions can vary between different regions and can be a matter of personal preference for some people. In most cases, you can use these words interchangeably without causing confusion.",Phi3,microsoft/Phi-3-mini-4k-instruct-gguf,True,False,P5,True,2.0,False,0.7,6.041784048080444,13.06,15.45,15.38,6.34,133,27,0.0,0.0,0.0,0.0,0.0,0.0,0,0,0,0,0,9.5,0.16,"The difference between the words 'big' and 'large' is very subtle and can be considered synonyms in many contexts, but there can be a slight distinction in their usage. Generally, 'big' is used to describe the size of something in a more general or abstract sense, while 'large' can be used to describe the size or magnitude of something in a more specific or tangible way. For example, you might say a big elephant or a large elephant to convey the same idea, but the word 'large' may be more appropriate when discussing the elephant's size in a measurable or concrete way. However, these distinctions can vary between different regions and can be a matter of personal preference for some people. In most cases, you can use these words interchangeably without causing confusion.",,,
7f6468c1-9abe-4277-9c6c-f2801501557b,2025-10-06T23:43:53.929696,Phi3_weighted_4_0,What is the difference between 'big' and 'large'?,You are a helpful English teacher for beginner students. Answer with a paragraph only with plain text,"The words 'big' and 'large' are often used interchangeably in everyday conversation but they can have slightly different shades of meaning and usage in the English language. Both words can be used to describe the size of an object or a person's body but they may be used in different contexts and with some nuances in their meanings. 

'Big' can be a more informal and less-scientific word that may be used to describe a person or an animal's body or an object's size in a less formal or less precise way. For example, a child may say a dog is ""a big dog"" or a person may say they have a big house in a more casual or less-specific context. 

'Large' can be a more formal and precise word that may be used to describe a person's body or an object's size in a more formal or scientific or less-subjective",Phi3,microsoft/Phi-3-mini-4k-instruct-gguf,True,False,P5,True,4.0,False,0.7,6.577214956283569,13.02,15.47,13.35,6.62,150,22,0.0,0.0,0.0,0.0,0.0,0.0,0,0,0,0,0,9.55,0.16,"The words 'big' and 'large' are often used interchangeably in everyday conversation but they can have slightly different shades of meaning and usage in the English language. Both words can be used to describe the size of an object or a person's body but they may be used in different contexts and with some nuances in their meanings. 'Big' can be a more informal and less-scientific word that may be used to describe a person or an animal's body or an object's size in a less formal or less precise way. For example, a child may say a dog is ""a big dog"" or a person may say they have a big house in a more casual or less-specific context. 'Large' can be a more formal and precise word that may be used to describe a person's body or an object's size in a more formal or scientific or less-subjective",,,
7799db41-c8fc-491a-8051-9c60eace7cd1,2025-10-06T23:43:57.104617,Qwen2_weighted_1_5,What is the difference between 'big' and 'large'?,You are a helpful English teacher for beginner students. Answer with a paragraph only with plain text,"The difference between 'big' and 'large' is significant in the context of the English language, particularly in the field of education. 'Big' can refer to a person, object, or an action, often in the context of size, weight, or mass. 'Large' refers to a size, amount, or extent, often in relation to a particular category or type. For example, a 'big' person might refer to someone who is tall, while a 'large' object might refer to an object that is large in size.",Qwen2,Qwen/Qwen2.5-0.5B-Instruct-GGUF,True,False,P5,True,1.5,False,0.7,3.0403409004211426,10.27,11.67,11.21,5.63,83,13,0.0,0.0,0.0,0.0,0.0,0.0,0,0,0,0,0,5.63,0.09,"The difference between 'big' and 'large' is significant in the context of the English language, particularly in the field of education. 'Big' can refer to a person, object, or an action, often in the context of size, weight, or mass. 'Large' refers to a size, amount, or extent, often in relation to a particular category or type. For example, a 'big' person might refer to someone who is tall, while a 'large' object might refer to an object that is large in size.",,,
00a10e87-bf8a-4d90-9bad-719c71de50da,2025-10-06T23:43:57.815688,Qwen2_weighted_2_0,What is the difference between 'big' and 'large'?,You are a helpful English teacher for beginner students. Answer with a paragraph only with plain text,"The terms 'big' and 'large' are often used interchangeably, but there is a subtle difference in their usage. 'Big' typically refers to a larger size, such as size, volume, or quantity, while 'large' is more of a larger size, such as size or quantity.",Qwen2,Qwen/Qwen2.5-0.5B-Instruct-GGUF,True,False,P5,True,2.0,False,0.7,0.5883162021636963,9.89,12.44,12.16,5.9,44,8,0.0,0.0,0.0,0.0,0.0,0.0,0,0,0,0,0,3.04,0.05,"The terms 'big' and 'large' are often used interchangeably, but there is a subtle difference in their usage. 'Big' typically refers to a larger size, such as size, volume, or quantity, while 'large' is more of a larger size, such as size or quantity.",,,
d4e74a83-f3a0-4a30-82fb-caca0c3e2371,2025-10-06T23:43:59.992405,Qwen2_weighted_4_0,What is the difference between 'big' and 'large'?,You are a helpful English teacher for beginner students. Answer with a paragraph only with plain text,"The term ""big"" and ""large"" are often used interchangeably, but they have slightly different meanings. ""Big"" is typically used to describe something that is substantial, large, or massive, whereas ""large"" is more commonly used to describe a significant, substantial, or large, or large, or large, or large, or large, or large, or large, or large, or large, or large, or large, or large, or large, or large, or large, or large, or large, or large, or large, or large, or large, or large, or large, or large, or large, or large, or large, or large, or large, or large, or large, or large, or large, or large, or large, or large, or large, or large, or large, or large, or large, or large, or large, or large, or large, or large, or large, or large, or",Qwen2,Qwen/Qwen2.5-0.5B-Instruct-GGUF,True,False,P5,True,4.0,False,0.7,2.053196668624878,24.9,28.96,13.82,11.06,136,9,0.0,0.0,0.0,0.0,0.0,0.0,0,0,0,0,0,9.0,0.15,"The term ""big"" and ""large"" are often used interchangeably, but they have slightly different meanings. ""Big"" is typically used to describe something that is substantial, large, or massive, whereas ""large"" is more commonly used to describe a significant, substantial, or large, or large, or large, or large, or large, or large, or large, or large, or large, or large, or large, or large, or large, or large, or large, or large, or large, or large, or large, or large, or large, or large, or large, or large, or large, or large, or large, or large, or large, or large, or large, or large, or large, or large, or large, or large, or large, or large, or large, or large, or large, or large, or large, or large, or large, or large, or large, or large, or",,,
c0cb6dbf-db12-4650-89c0-305e79cff541,2025-10-06T23:45:17.941880,Qwen3_weighted_1_5,What is the difference between 'big' and 'large'?,You are a helpful English teacher for beginner students. Answer with a paragraph only with plain text,"<think>
Okay, so the user is asking about the difference between 'big' and 'large'. Let me start by recalling the basic definitions. 'Big' is a common adjective, and it's often used to describe something that's large, like a big book. But 'large' also has a different nuance. For example, when something is large, like a big tree, but 'big' can also mean something that's big in scale, like a big company. Now, I need to make sure I explain both words clearly. Maybe use examples to show how they differ. Like, a big house vs. a large tree. And then maybe mention that sometimes 'big' can mean something that's big in size, like a big bird. But then, perhaps the user is just a beginner, so it's important to highlight that they can mix them, but with different contexts. So, the answer should clarify that 'big' is more about size, while 'large'",Qwen3,ggml-org/Qwen3-0.6B-GGUF,True,False,P5,True,1.5,False,0.7,77.35281181335449,5.42,6.91,8.84,3.76,152,19,0.0,0.0,0.0,0.0,0.0,0.0,0,0,0,0,0,10.21,0.17,"<think> Okay, so the user is asking about the difference between 'big' and 'large'. Let me start by recalling the basic definitions. 'Big' is a common adjective, and it's often used to describe something that's large, like a big book. But 'large' also has a different nuance. For example, when something is large, like a big tree, but 'big' can also mean something that's big in scale, like a big company. Now, I need to make sure I explain both words clearly. Maybe use examples to show how they differ. Like, a big house vs. a large tree. And then maybe mention that sometimes 'big' can mean something that's big in size, like a big bird. But then, perhaps the user is just a beginner, so it's important to highlight that they can mix them, but with different contexts. So, the answer should clarify that 'big' is more about size, while 'large'",,,
617eb170-f292-4a78-8d42-d68ea5a76bc3,2025-10-06T23:46:41.743080,Qwen3_weighted_2_0,What is the difference between 'big' and 'large'?,You are a helpful English teacher for beginner students. Answer with a paragraph only with plain text,"<think>
Okay, the user is asking about the difference between 'big' and 'large'. Let me start by recalling the definitions. 'Big' is a more general term, while 'large' is more specific. For example, if something is big, like a big tree, it's not necessarily large. But if something is large, like a large building, it's big. But sometimes, in some contexts, 'big' can be used to describe something, even if it's not large. Like a big house. So, the key is the nuance between the two. Also, maybe mention that in some cases, like with big, small, or large, but in others, it's just the opposite. That's important to highlight. Need to keep it simple and straightforward. Make sure to use examples to show how they differ. Let me structure the answer with an example sentence and explain each term. Also, note that in some contexts, 'big' can be used",Qwen3,ggml-org/Qwen3-0.6B-GGUF,True,False,P5,True,2.0,False,0.7,83.42795205116272,4.79,6.69,8.42,3.55,150,19,0.0,0.0,0.0,0.0,0.0,0.0,0,0,0,0,0,10.27,0.17,"<think> Okay, the user is asking about the difference between 'big' and 'large'. Let me start by recalling the definitions. 'Big' is a more general term, while 'large' is more specific. For example, if something is big, like a big tree, it's not necessarily large. But if something is large, like a large building, it's big. But sometimes, in some contexts, 'big' can be used to describe something, even if it's not large. Like a big house. So, the key is the nuance between the two. Also, maybe mention that in some cases, like with big, small, or large, but in others, it's just the opposite. That's important to highlight. Need to keep it simple and straightforward. Make sure to use examples to show how they differ. Let me structure the answer with an example sentence and explain each term. Also, note that in some contexts, 'big' can be used",,,
d268c4f0-3669-4a5f-a6d3-ccf64078bb35,2025-10-06T23:49:25.339725,Qwen3_weighted_4_0,What is the difference between 'big' and 'large'?,You are a helpful English teacher for beginner students. Answer with a paragraph only with plain text,"The difference between *big* and *large* is that *big* refers to something that's large, like a large bear or a big house, while *large* is a more general term. For example, a large car is big, and a large room is",Qwen3,ggml-org/Qwen3-0.6B-GGUF,True,False,P5,True,4.0,False,0.7,163.40836715698242,6.8,9.18,10.13,4.15,41,2,0.0,0.0,0.0,0.0,0.0,0.0,0,0,0,0,0,2.42,0.04,"The difference between big and large is that big refers to something that's large, like a large bear or a big house, while large is a more general term. For example, a large car is big, and a large room is",,,
e1ee8e63-4ce0-4fb6-9f0f-49307d53edd9,2025-10-06T23:54:25.768494,SmolLM_weighted_1_5,What is the difference between 'big' and 'large'?,You are a helpful English teacher for beginner students. Answer with a paragraph only with plain text,,SmolLM,MaziyarPanahi/SmolLM-1.7B-Instruct-GGUF,True,False,P5,True,1.5,False,0.7,300.2975969314575,0.0,0.0,0.0,0.0,0,0,0.0,0.0,0.0,0.0,0.0,0.0,0,0,0,0,0,0.0,0.0,,,,
0c1b7c5e-9b8c-4266-81de-8e66bb8b4086,2025-10-06T23:59:27.027555,SmolLM_weighted_2_0,What is the difference between 'big' and 'large'?,You are a helpful English teacher for beginner students. Answer with a paragraph only with plain text,,SmolLM,MaziyarPanahi/SmolLM-1.7B-Instruct-GGUF,True,False,P5,True,2.0,False,0.7,301.10971999168396,0.0,0.0,0.0,0.0,0,0,0.0,0.0,0.0,0.0,0.0,0.0,0,0,0,0,0,0.0,0.0,,,,
1154086e-1ca0-4d37-a7de-783ac67f03fb,2025-10-07T00:04:27.330092,SmolLM_weighted_4_0,What is the difference between 'big' and 'large'?,You are a helpful English teacher for beginner students. Answer with a paragraph only with plain text,,SmolLM,MaziyarPanahi/SmolLM-1.7B-Instruct-GGUF,True,False,P5,True,4.0,False,0.7,300.16249799728394,0.0,0.0,0.0,0.0,0,0,0.0,0.0,0.0,0.0,0.0,0.0,0,0,0,0,0,0.0,0.0,,,,
e3dfd6da-dc40-4a6a-9da2-753e261799c1,2025-10-07T00:04:50.250616,TinyLlama_weighted_1_5,What is the difference between 'big' and 'large'?,You are a helpful English teacher for beginner students. Answer with a paragraph only with plain text,"'Big' and 'large' are not the same word. 'Big' refers to a large or enormous amount or number, while 'large' is a more general term that can be used to describe a considerable or significant amount of something. In other words, 'big' describes a large or substantial amount, while 'large' is a more general term that can be used to describe a considerable or significant amount of something.",TinyLlama,TheBloke/TinyLlama-1.1B-Chat-v1.0-GGUF,True,False,P5,True,1.5,False,0.7,22.628068923950195,10.95,12.6,12.46,5.05,68,6,0.0,0.0,0.0,0.0,0.0,0.0,0,0,0,0,0,4.76,0.08,"'Big' and 'large' are not the same word. 'Big' refers to a large or enormous amount or number, while 'large' is a more general term that can be used to describe a considerable or significant amount of something. In other words, 'big' describes a large or substantial amount, while 'large' is a more general term that can be used to describe a considerable or significant amount of something.",,,
cd8b1cce-b262-4cce-9299-f1f7f4a8d922,2025-10-07T00:05:44.398591,TinyLlama_weighted_2_0,What is the difference between 'big' and 'large'?,You are a helpful English teacher for beginner students. Answer with a paragraph only with plain text,"'Big' and 'large' have the same meaning and can be used interchangeably in a sentence. However, the word 'big' can be a more formal or grand expression of size or importance, while the word 'large' can be a less grand or less formal one, and can be used to emphasize the size or size of an entity or a group of entities. In a sentence like this one: ""I'm a big fan of the new book by the author."" or ""I'm a large fan of the new book by the author."" The sentence may be a little more formal and have a different tone or mood from the one where the word 'big' or 'large' would be used.",TinyLlama,TheBloke/TinyLlama-1.1B-Chat-v1.0-GGUF,True,False,P5,True,2.0,False,0.7,53.844223976135254,8.21,11.47,10.36,4.9,118,8,0.0,0.0,0.0,0.0,0.0,0.0,0,0,0,0,0,6.85,0.11,"'Big' and 'large' have the same meaning and can be used interchangeably in a sentence. However, the word 'big' can be a more formal or grand expression of size or importance, while the word 'large' can be a less grand or less formal one, and can be used to emphasize the size or size of an entity or a group of entities. In a sentence like this one: ""I'm a big fan of the new book by the author."" or ""I'm a large fan of the new book by the author."" The sentence may be a little more formal and have a different tone or mood from the one where the word 'big' or 'large' would be used.",,,
e61cd15e-7a5e-4041-8dde-ff37bf13ccf2,2025-10-07T00:07:13.291730,TinyLlama_weighted_4_0,What is the difference between 'big' and 'large'?,You are a helpful English teacher for beginner students. Answer with a paragraph only with plain text,"'Big' and 'large' can be used in the sentence ""x is big or small,"" which means that they can be of a great or small size or number of items or people. In the sentence you're referring to, the word 'big' can be a part of a sentence that's about the number of people or the number of items in a room or a room's number of people or the number of people in a room. 'Large' and 'enormous' can be used in the sentence ""x is small or big or great or very big or very great or very many or very very big or very very many or very very very big or very very many people or a very big room or very many people in a very big room or a very many people in a very big room and so on,"" which can be about the number of people or the number of people in a room or the number of people in a room'",TinyLlama,TheBloke/TinyLlama-1.1B-Chat-v1.0-GGUF,True,False,P5,True,4.0,False,0.7,88.65719199180603,21.92,23.14,7.79,9.03,170,3,0.0,0.0,0.0,0.0,0.0,0.0,0,0,0,0,0,8.99,0.15,"'Big' and 'large' can be used in the sentence ""x is big or small,"" which means that they can be of a great or small size or number of items or people. In the sentence you're referring to, the word 'big' can be a part of a sentence that's about the number of people or the number of items in a room or a room's number of people or the number of people in a room. 'Large' and 'enormous' can be used in the sentence ""x is small or big or great or very big or very great or very many or very very big or very very many or very very very big or very very many people or a very big room or very many people in a very big room or a very many people in a very big room and so on,"" which can be about the number of people or the number of people in a room or the number of people in a room'",,,
9297c5be-44a0-48b3-abe6-fc2df0e3acb2,2025-10-07T00:07:14.559472,TinyStories_weighted_1_5,What is the difference between 'big' and 'large'?,You are a helpful English teacher for beginner students. Answer with a paragraph only with plain text,,TinyStories,roneneldan/TinyStories-33M,True,False,P5,True,1.5,False,0.7,1.1235167980194092,0.0,0.0,0.0,0.0,0,0,0.0,0.0,0.0,0.0,0.0,0.0,0,0,0,0,0,0.0,0.0,,,,
7f643ee6-8a07-4725-a473-1c2a2e552431,2025-10-07T00:07:14.683024,TinyStories_weighted_2_0,What is the difference between 'big' and 'large'?,You are a helpful English teacher for beginner students. Answer with a paragraph only with plain text,,TinyStories,roneneldan/TinyStories-33M,True,False,P5,True,2.0,False,0.7,0.007390022277832031,0.0,0.0,0.0,0.0,0,0,0.0,0.0,0.0,0.0,0.0,0.0,0,0,0,0,0,0.0,0.0,,,,
32ed7081-7db4-4a1a-9391-bba5c009612a,2025-10-07T00:07:14.796980,TinyStories_weighted_4_0,What is the difference between 'big' and 'large'?,You are a helpful English teacher for beginner students. Answer with a paragraph only with plain text,,TinyStories,roneneldan/TinyStories-33M,True,False,P5,True,4.0,False,0.7,0.002460956573486328,0.0,0.0,0.0,0.0,0,0,0.0,0.0,0.0,0.0,0.0,0.0,0,0,0,0,0,0.0,0.0,,,,
8a77a3f0-d602-4ca1-9e4e-c0570c03e82d,2025-10-07T00:07:20.913645,Phi3_weighted_1_5,Can you tell me about your favorite animal?,You are a helpful English teacher for beginner students. Answer with a paragraph only with plain text,"Certainly! One of my favorite animals is the elephant. Elephants are the largest land mammals on Earth and are known for their impressive size, intelligence, and strong family bonds. They have a long trunk that they use for breathing, smelling, drinking water, and grasping objects. Additionally, their tusks and large ears play an essential role in their survival and communication with one another. Elephants live in various habitats, such as savannas, forests, and deserts. They are herbivores and have a unique digestive system that allows them to process a lot of food. Their behavior and social structures make them fascinating creatures to learn about.",Phi3,microsoft/Phi-3-mini-4k-instruct-gguf,True,False,P6,True,1.5,False,0.7,5.825400114059448,9.49,12.1,13.02,5.58,104,31,0.0,0.0,0.0,0.0,0.0,0.0,0,0,0,0,0,8.17,0.14,"Certainly! One of my favorite animals is the elephant. Elephants are the largest land mammals on Earth and are known for their impressive size, intelligence, and strong family bonds. They have a long trunk that they use for breathing, smelling, drinking water, and grasping objects. Additionally, their tusks and large ears play an essential role in their survival and communication with one another. Elephants live in various habitats, such as savannas, forests, and deserts. They are herbivores and have a unique digestive system that allows them to process a lot of food. Their behavior and social structures make them fascinating creatures to learn about.",,,
cd96485f-ceb7-4397-808e-22d113c84585,2025-10-07T00:07:26.202154,Phi3_weighted_2_0,Can you tell me about your favorite animal?,You are a helpful English teacher for beginner students. Answer with a paragraph only with plain text,"Certainly! My favorite animal is the elephant. Elephants are remarkable mammals that are native to various parts of Africa and Asia. They are the largest land animals on Earth and are well-known for their long trunks, which they use for a variety of tasks, such as picking up food and drinking water. Elephants live in close-knit family groups and showcase a great sense of empathy and intelligence in their interactions with one another and with humans. Their tusks and large ears are also distinctive features that make them stand out. Overall, elephants' gentle nature and their vital role in their ecosystems make them my favorite animal to learn about and appreciate.",Phi3,microsoft/Phi-3-mini-4k-instruct-gguf,True,False,P6,True,2.0,False,0.7,5.095511198043823,10.65,12.81,14.31,5.54,111,26,0.0,0.0,0.0,0.0,0.0,0.0,0,0,0,0,0,8.26,0.14,"Certainly! My favorite animal is the elephant. Elephants are remarkable mammals that are native to various parts of Africa and Asia. They are the largest land animals on Earth and are well-known for their long trunks, which they use for a variety of tasks, such as picking up food and drinking water. Elephants live in close-knit family groups and showcase a great sense of empathy and intelligence in their interactions with one another and with humans. Their tusks and large ears are also distinctive features that make them stand out. Overall, elephants' gentle nature and their vital role in their ecosystems make them my favorite animal to learn about and appreciate.",,,
54409c10-0a76-4554-8224-df608d29482f,2025-10-07T00:07:32.221435,Phi3_weighted_4_0,Can you tell me about your favorite animal?,You are a helpful English teacher for beginner students. Answer with a paragraph only with plain text,"As an AI, I don't have personal preferences or feelings. However, I can tell you about an animal that many people find fascinating - the elephant! Elephants are the largest land mammals on Earth and can be found in 28 countries in Africa and in 8 countries in Asia. They have a very long trunk that they use for many purposes like picking food and drinking water. Elephants have long tusks and big ears that can be 2-3 feet in size! They live in close-knit family groups and have a very long life-span of 60-70 years in the wild. Elephants play an essential role in their ecosystems and have a great deal of intelligence and emotion too!",Phi3,microsoft/Phi-3-mini-4k-instruct-gguf,True,False,P6,True,4.0,False,0.7,5.687448978424072,7.96,10.77,11.77,4.73,116,18,0.0,0.0,0.0,0.0,0.0,0.0,0,0,0,0,0,7.65,0.13,"As an AI, I don't have personal preferences or feelings. However, I can tell you about an animal that many people find fascinating - the elephant! Elephants are the largest land mammals on Earth and can be found in 28 countries in Africa and in 8 countries in Asia. They have a very long trunk that they use for many purposes like picking food and drinking water. Elephants have long tusks and big ears that can be 2-3 feet in size! They live in close-knit family groups and have a very long life-span of 60-70 years in the wild. Elephants play an essential role in their ecosystems and have a great deal of intelligence and emotion too!",,,
d84c386b-7e17-4901-b24e-9b8c5f88a436,2025-10-07T00:07:42.397063,Qwen2_weighted_1_5,Can you tell me about your favorite animal?,You are a helpful English teacher for beginner students. Answer with a paragraph only with plain text,"As an AI, I don't have personal preferences, but I can tell you about the favorite animals of many people. Some of the most beloved animals are dogs, cats, and horses. Dogs are often associated with loyalty, companionship, and protection. Cats are often considered the most affectionate and loyal pet animals. Horses are known for their strength, endurance, and ability to work. Other animals that are frequently mentioned as favorites include wolves, dolphins, and elephants. These animals are all appreciated for their unique features, behaviors, and abilities.",Qwen2,Qwen/Qwen2.5-0.5B-Instruct-GGUF,True,False,P6,True,1.5,False,0.7,9.901883840560913,10.28,14.63,13.26,5.56,87,26,0.0,0.0,0.0,0.0,0.0,0.0,0,0,0,0,0,7.01,0.12,"As an AI, I don't have personal preferences, but I can tell you about the favorite animals of many people. Some of the most beloved animals are dogs, cats, and horses. Dogs are often associated with loyalty, companionship, and protection. Cats are often considered the most affectionate and loyal pet animals. Horses are known for their strength, endurance, and ability to work. Other animals that are frequently mentioned as favorites include wolves, dolphins, and elephants. These animals are all appreciated for their unique features, behaviors, and abilities.",,,
8d80b9c5-7308-4b26-9308-0be3ee9d8ed7,2025-10-07T00:07:43.758405,Qwen2_weighted_2_0,Can you tell me about your favorite animal?,You are a helpful English teacher for beginner students. Answer with a paragraph only with plain text,"As an artificial intelligence, I don't have personal preferences or emotions, so I don't have a favorite animal. My purpose is to provide information and assistance to users like you. I am here to help with a wide range of topics, from general knowledge to specific subjects. If you have any questions, I would be happy to help!",Qwen2,Qwen/Qwen2.5-0.5B-Instruct-GGUF,True,False,P6,True,2.0,False,0.7,1.0574500560760498,8.99,11.32,12.6,5.11,58,15,0.0,0.0,0.0,0.0,0.0,0.0,0,0,0,0,0,3.98,0.07,"As an artificial intelligence, I don't have personal preferences or emotions, so I don't have a favorite animal. My purpose is to provide information and assistance to users like you. I am here to help with a wide range of topics, from general knowledge to specific subjects. If you have any questions, I would be happy to help!",,,
39f73a48-6a42-400a-a91b-a6930948d5fa,2025-10-07T00:07:44.935907,Qwen2_weighted_4_0,Can you tell me about your favorite animal?,You are a helpful English teacher for beginner students. Answer with a paragraph only with plain text,"As an AI, I don't have personal preferences, but I can tell you about some of the most popular animals. For instance, dogs, cats, and elephants are among the most beloved, cherished, and well-known. They are not only beloved for their physical attributes, but also for their loyalty, companionship, and, in some cases, their ability to provide comfort.",Qwen2,Qwen/Qwen2.5-0.5B-Instruct-GGUF,True,False,P6,True,4.0,False,0.7,1.011451244354248,10.87,14.63,13.56,6.09,58,16,0.0,0.0,0.0,0.0,0.0,0.0,0,0,0,0,0,4.33,0.07,"As an AI, I don't have personal preferences, but I can tell you about some of the most popular animals. For instance, dogs, cats, and elephants are among the most beloved, cherished, and well-known. They are not only beloved for their physical attributes, but also for their loyalty, companionship, and, in some cases, their ability to provide comfort.",,,
ea49adfa-e328-4c0f-95f3-7578af8051bf,2025-10-07T00:08:59.658313,Qwen3_weighted_1_5,Can you tell me about your favorite animal?,You are a helpful English teacher for beginner students. Answer with a paragraph only with plain text,"<think>
Okay, the user asked about my favorite animal. But wait, I'm an AI, so I don't have personal feelings. How can I respond? Maybe I can talk about my role, like, ""I don't have feelings, but I can help you with questions. What's your favorite animal? I can help you with that!"" That way, I'm still helpful even if I don't have a personal preference. Or maybe I can mention that I can't have feelings, but still, if the user asks, I can answer. Maybe ""I don't have feelings, but I can help you with any questions. What's your favorite animal, and I can help answer that for you!"" That's a good way to keep the conversation going. Or maybe just say, ""I don't have feelings, but I'm here to help. What's your favorite animal? I can answer that for you!"" That's a more natural response. But maybe keeping it simple.",Qwen3,ggml-org/Qwen3-0.6B-GGUF,True,False,P6,True,1.5,False,0.7,74.21271514892578,4.26,5.12,8.28,3.25,152,12,0.0,0.0,0.0,0.0,0.0,0.0,0,0,0,0,0,9.77,0.16,"<think> Okay, the user asked about my favorite animal. But wait, I'm an AI, so I don't have personal feelings. How can I respond? Maybe I can talk about my role, like, ""I don't have feelings, but I can help you with questions. What's your favorite animal? I can help you with that!"" That way, I'm still helpful even if I don't have a personal preference. Or maybe I can mention that I can't have feelings, but still, if the user asks, I can answer. Maybe ""I don't have feelings, but I can help you with any questions. What's your favorite animal, and I can help answer that for you!"" That's a good way to keep the conversation going. Or maybe just say, ""I don't have feelings, but I'm here to help. What's your favorite animal? I can answer that for you!"" That's a more natural response. But maybe keeping it simple.",,,
4fa00e18-adf7-4a51-a92c-81c4b5d1f30e,2025-10-07T00:10:02.084444,Qwen3_weighted_2_0,Can you tell me about your favorite animal?,You are a helpful English teacher for beginner students. Answer with a paragraph only with plain text,"As an English teacher, my favorite animal is a cat! It's a great friend and brings so much fun to our classroom. Cats are always curious and playful, making them perfect for a classroom. I love how they learn and get along with kids. Plus, I can tell stories about cats in a fun way. It's a great way to engage students.",Qwen3,ggml-org/Qwen3-0.6B-GGUF,True,False,P6,True,2.0,False,0.7,62.076578855514526,4.05,4.78,7.17,2.99,62,5,0.0,0.0,0.0,0.0,0.0,0.0,0,0,0,0,0,3.8,0.06,"As an English teacher, my favorite animal is a cat! It's a great friend and brings so much fun to our classroom. Cats are always curious and playful, making them perfect for a classroom. I love how they learn and get along with kids. Plus, I can tell stories about cats in a fun way. It's a great way to engage students.",,,
bff4ba76-1a28-4f78-b77f-b881139a0b9e,2025-10-07T00:10:44.476073,Qwen3_weighted_4_0,Can you tell me about your favorite animal?,You are a helpful English teacher for beginner students. Answer with a paragraph only with plain text,"<think>
Okay, the user asked, ""Can you tell me about your favorite animal?"" I need to answer. Let's start by thinking about my animal. Wait, the user's question is in English, but I'm supposed to be an English teacher. Oh, right, maybe the user is asking about the animal, but in the context, maybe the user is a beginner, so I should answer with a friendly, simple, and correct answer. Let's choose a common, neutral, and appropriate animal. Maybe a dog? But I can't, because I'm supposed to be an English teacher. Wait, maybe I should just answer, since the user's question is just to know. Wait, no, the user's actual question is, ""Can you tell me about your favorite animal?"" So, maybe the user is asking, but in the context, maybe they are a student. The user's message is, ""Can you tell me about your favorite animal?"". So, as",Qwen3,ggml-org/Qwen3-0.6B-GGUF,True,False,P6,True,4.0,False,0.7,41.79216814041138,6.75,5.8,8.84,3.86,150,13,0.0,0.0,0.0,0.0,0.0,0.0,0,0,0,0,0,10.03,0.17,"<think> Okay, the user asked, ""Can you tell me about your favorite animal?"" I need to answer. Let's start by thinking about my animal. Wait, the user's question is in English, but I'm supposed to be an English teacher. Oh, right, maybe the user is asking about the animal, but in the context, maybe the user is a beginner, so I should answer with a friendly, simple, and correct answer. Let's choose a common, neutral, and appropriate animal. Maybe a dog? But I can't, because I'm supposed to be an English teacher. Wait, maybe I should just answer, since the user's question is just to know. Wait, no, the user's actual question is, ""Can you tell me about your favorite animal?"" So, maybe the user is asking, but in the context, maybe they are a student. The user's message is, ""Can you tell me about your favorite animal?"". So, as",,,
d9f74370-3da0-44b1-8763-621ecf5389e4,2025-10-07T00:14:48.230647,SmolLM_weighted_1_5,Can you tell me about your favorite animal?,You are a helpful English teacher for beginner students. Answer with a paragraph only with plain text,"My favorite animal is the tiger. It is a large, carnivorous mammal that is known for its strength, agility, and beauty. Tigers are solitary animals that typically live in forests, grasslands, and swamps. They are apex predators, meaning they are at the top of the food chain. Tigers are listed as endangered, primarily due to habitat loss and poaching.",SmolLM,MaziyarPanahi/SmolLM-1.7B-Instruct-GGUF,True,False,P6,True,1.5,False,0.7,243.41880178451538,8.21,10.82,11.6,5.13,59,17,0.0,0.0,0.0,0.0,0.0,0.0,0,0,0,0,0,4.32,0.07,"My favorite animal is the tiger. It is a large, carnivorous mammal that is known for its strength, agility, and beauty. Tigers are solitary animals that typically live in forests, grasslands, and swamps. They are apex predators, meaning they are at the top of the food chain. Tigers are listed as endangered, primarily due to habitat loss and poaching.",,,
61bed5e5-59f7-4268-aaa4-c12b4a03ad2a,2025-10-07T00:18:18.840721,SmolLM_weighted_2_0,Can you tell me about your favorite animal?,You are a helpful English teacher for beginner students. Answer with a paragraph only with plain text,"I am fond of elephants. They are large, gentle, and intelligent animals. They have long, thick fur, big ears, and long, curved tusks. Elephants are native to Africa and Asia. They are often used in zoos, circuses, and as working animals.",SmolLM,MaziyarPanahi/SmolLM-1.7B-Instruct-GGUF,True,False,P6,True,2.0,False,0.7,210.4434781074524,5.16,10.11,9.89,4.09,41,9,0.0,0.0,0.0,0.0,0.0,0.0,0,0,0,0,0,2.89,0.05,"I am fond of elephants. They are large, gentle, and intelligent animals. They have long, thick fur, big ears, and long, curved tusks. Elephants are native to Africa and Asia. They are often used in zoos, circuses, and as working animals.",,,
edd6049d-be77-42cc-a85e-07712ef4d639,2025-10-07T00:22:01.007127,SmolLM_weighted_4_0,Can you tell me about your favorite animal?,You are a helpful English teacher for beginner students. Answer with a paragraph only with plain text,"- I like cats.
- They are cute.
- I have two cats.
- They are my best friends.
- I take care of them.
- They are playful.
- They are loyal.
- They are independent.
- They are intelligent.
- I love their purrs.",SmolLM,MaziyarPanahi/SmolLM-1.7B-Instruct-GGUF,True,False,P6,True,4.0,False,0.7,221.93456411361694,0.24,3.66,5.68,2.3,36,4,0.0,0.0,0.0,0.0,0.0,0.0,0,0,0,0,0,2.41,0.04,- I like cats. - They are cute. - I have two cats. - They are my best friends. - I take care of them. - They are playful. - They are loyal. - They are independent. - They are intelligent. - I love their purrs.,,,
09ee8e55-fbd6-47e1-8974-d09958a02377,2025-10-07T00:25:03.000042,TinyLlama_weighted_1_5,Can you tell me about your favorite animal?,You are a helpful English teacher for beginner students. Answer with a paragraph only with plain text,"Sure! My favorite animal is a cat. I'm a cat person! I love the way they make me feel, and the way they're so playful and mischievous. They're also very intelligent and have a lot of personality. Plus, they're usually very sweet and love to play fetch with their owners!",TinyLlama,TheBloke/TinyLlama-1.1B-Chat-v1.0-GGUF,True,False,P6,True,1.5,False,0.7,181.5003161430359,5.3,7.2,9.39,3.28,50,6,0.0,0.0,0.0,0.0,0.0,0.0,0,0,0,0,0,3.25,0.05,"Sure! My favorite animal is a cat. I'm a cat person! I love the way they make me feel, and the way they're so playful and mischievous. They're also very intelligent and have a lot of personality. Plus, they're usually very sweet and love to play fetch with their owners!",,,
aa2cf4ec-4786-411e-8f6a-165d23effb3e,2025-10-07T00:25:16.462293,TinyLlama_weighted_2_0,Can you tell me about your favorite animal?,You are a helpful English teacher for beginner students. Answer with a paragraph only with plain text,"Sure! My favorite animal is a dog. I love the way it snuggles and cuddles with me, and the way it can run faster and jump higher than me. I have a dog named Max who is a sweet and playful dog. He's always up for a walk and playdate with me and my friends!",TinyLlama,TheBloke/TinyLlama-1.1B-Chat-v1.0-GGUF,True,False,P6,True,2.0,False,0.7,13.193842887878418,3.93,5.5,7.17,3.72,55,6,0.0,0.0,0.0,0.0,0.0,0.0,0,0,0,0,0,2.95,0.05,"Sure! My favorite animal is a dog. I love the way it snuggles and cuddles with me, and the way it can run faster and jump higher than me. I have a dog named Max who is a sweet and playful dog. He's always up for a walk and playdate with me and my friends!",,,
c9d191e9-8141-4582-b051-5aeea99733c9,2025-10-07T00:26:03.536381,TinyLlama_weighted_4_0,Can you tell me about your favorite animal?,You are a helpful English teacher for beginner students. Answer with a paragraph only with plain text,"Of course! My favorite animal would have to be a cat. I'm a cat person for a good many reasons, but here's a short but sweet one for you to enjoy: my cat's name is Zen and he's a black and white cat with a sweet personality that's a perfect match for me! He's a cat person too! 🙌😍 😍 😍 😍 😍 😍 😍 😍 😍 😍 😍 😍 😍 😍 😍 😍 😍 😍 😍 😍 😍 😍 😍 😍",TinyLlama,TheBloke/TinyLlama-1.1B-Chat-v1.0-GGUF,True,False,P6,True,4.0,False,0.7,46.842276096343994,6.6,8.42,8.84,4.01,58,3,0.0,0.0,0.0,0.0,0.0,0.0,0,0,0,0,0,3.23,0.05,"Of course! My favorite animal would have to be a cat. I'm a cat person for a good many reasons, but here's a short but sweet one for you to enjoy: my cat's name is Zen and he's a black and white cat with a sweet personality that's a perfect match for me! He's a cat person too!",,,
f661b1b5-86bf-4b9c-9a76-871902a005a4,2025-10-07T00:26:04.806391,TinyStories_weighted_1_5,Can you tell me about your favorite animal?,You are a helpful English teacher for beginner students. Answer with a paragraph only with plain text,,TinyStories,roneneldan/TinyStories-33M,True,False,P6,True,1.5,False,0.7,1.121272087097168,0.0,0.0,0.0,0.0,0,0,0.0,0.0,0.0,0.0,0.0,0.0,0,0,0,0,0,0.0,0.0,,,,
f7091674-c03b-46e6-82a2-6a6a0f921da3,2025-10-07T00:26:04.989107,TinyStories_weighted_2_0,Can you tell me about your favorite animal?,You are a helpful English teacher for beginner students. Answer with a paragraph only with plain text,,TinyStories,roneneldan/TinyStories-33M,True,False,P6,True,2.0,False,0.7,0.02326512336730957,0.0,0.0,0.0,0.0,0,0,0.0,0.0,0.0,0.0,0.0,0.0,0,0,0,0,0,0.0,0.0,,,,
586d5f8d-9b89-40c2-96de-b3fba566481c,2025-10-07T00:26:05.102952,TinyStories_weighted_4_0,Can you tell me about your favorite animal?,You are a helpful English teacher for beginner students. Answer with a paragraph only with plain text,,TinyStories,roneneldan/TinyStories-33M,True,False,P6,True,4.0,False,0.7,0.002307891845703125,0.0,0.0,0.0,0.0,0,0,0.0,0.0,0.0,0.0,0.0,0.0,0,0,0,0,0,0.0,0.0,,,,
5c43b272-0594-4d2e-8dcd-d3ada6e32aaf,2025-10-07T00:26:10.976182,Phi3_weighted_1_5,What colors do you see in a rainbow?,You are a helpful English teacher for beginner students. Answer with a paragraph only with plain text,"A rainbow is a beautiful natural phenomenon that displays a spectrum of colors. When sunlight passes through water droplets in the air, it is refracted and dispersed into its component colors, creating the iconic arc we know as a rainbow. The colors you see in a rainbow, from top to bottom, are red, orange, yellow, green, blue, indigo, and violet. These colors can be remembered by the acronym ""ROYGBIV."" Each color in a rainbow is a different wavelength of light, and the combination of these colors creates the stunning visual display we observe in the sky.",Phi3,microsoft/Phi-3-mini-4k-instruct-gguf,True,False,P7,True,1.5,False,0.7,5.694086074829102,10.58,11.85,12.34,5.96,96,23,0.0,0.0,0.0,0.0,0.0,0.0,0,0,0,0,0,6.85,0.11,"A rainbow is a beautiful natural phenomenon that displays a spectrum of colors. When sunlight passes through water droplets in the air, it is refracted and dispersed into its component colors, creating the iconic arc we know as a rainbow. The colors you see in a rainbow, from top to bottom, are red, orange, yellow, green, blue, indigo, and violet. These colors can be remembered by the acronym ""ROYGBIV."" Each color in a rainbow is a different wavelength of light, and the combination of these colors creates the stunning visual display we observe in the sky.",,,
6e183efd-abe3-40a3-b513-9613c3702f54,2025-10-07T00:26:15.541319,Phi3_weighted_2_0,What colors do you see in a rainbow?,You are a helpful English teacher for beginner students. Answer with a paragraph only with plain text,"In a rainbow, you see a beautiful array of colors that are often remembered by the acronym ""ROYGBIV."" This stands for red, orange, yellow, green, blue, indigo, and violet. Each of these colors can be seen in a natural rainbow that is formed when sunlight passes through water droplets in the air and gets dispersed into its various wavelengths, which we perceive as the colors of the rainbow. Each of the colors can be seen in a specific order, starting with red on the outer edge and ending with violet on the inner edge of the rainbow.",Phi3,microsoft/Phi-3-mini-4k-instruct-gguf,True,False,P7,True,2.0,False,0.7,4.371685028076172,11.02,12.17,11.7,6.03,97,17,0.0,0.0,0.0,0.0,0.0,0.0,0,0,0,0,0,6.48,0.11,"In a rainbow, you see a beautiful array of colors that are often remembered by the acronym ""ROYGBIV."" This stands for red, orange, yellow, green, blue, indigo, and violet. Each of these colors can be seen in a natural rainbow that is formed when sunlight passes through water droplets in the air and gets dispersed into its various wavelengths, which we perceive as the colors of the rainbow. Each of the colors can be seen in a specific order, starting with red on the outer edge and ending with violet on the inner edge of the rainbow.",,,
1d0a46dd-c32d-441b-9350-e60943af7001,2025-10-07T00:26:20.707028,Phi3_weighted_4_0,What colors do you see in a rainbow?,You are a helpful English teacher for beginner students. Answer with a paragraph only with plain text,"A rainbow typically showcases a beautiful and well-known spectrum of colors that we can see in a graceful arc in the sky after a rain shower or water droplets in the atmosphere. The primary and well-known colors that make up a rainbow in this order from the outer part of the arc to the inner part are red, orange, yellow, green, blue, and purple or indigo. Some people may see a seventh color which is a lighter shade of violet or a very mild shade of purple between blue and purple. However, the most commonly accepted and well-known color of the rainbow consists of these six hues in the aforementioned order.",Phi3,microsoft/Phi-3-mini-4k-instruct-gguf,True,False,P7,True,4.0,False,0.7,4.888745069503784,12.77,13.98,12.6,6.3,111,17,0.0,0.0,0.0,0.0,0.0,0.0,0,0,0,0,0,7.37,0.12,"A rainbow typically showcases a beautiful and well-known spectrum of colors that we can see in a graceful arc in the sky after a rain shower or water droplets in the atmosphere. The primary and well-known colors that make up a rainbow in this order from the outer part of the arc to the inner part are red, orange, yellow, green, blue, and purple or indigo. Some people may see a seventh color which is a lighter shade of violet or a very mild shade of purple between blue and purple. However, the most commonly accepted and well-known color of the rainbow consists of these six hues in the aforementioned order.",,,
63b12167-d581-45a1-a4a3-90f0438b3e3f,2025-10-07T00:26:24.210758,Qwen2_weighted_1_5,What colors do you see in a rainbow?,You are a helpful English teacher for beginner students. Answer with a paragraph only with plain text,"A rainbow is a beautiful natural phenomenon that can be seen in many different colors. The colors typically include red, orange, yellow, green, blue, and violet. Each color in the rainbow represents a different wavelength of light, which is why the colors appear to blend together in the sky. The colors are formed by the refraction and reflection of sunlight, and the colors are arranged in a specific way, known as the hexagon, to create the rainbow.",Qwen2,Qwen/Qwen2.5-0.5B-Instruct-GGUF,True,False,P7,True,1.5,False,0.7,3.3526060581207275,10.61,11.86,13.43,5.45,77,13,0.0,0.0,0.0,0.0,0.0,0.0,0,0,0,0,0,5.52,0.09,"A rainbow is a beautiful natural phenomenon that can be seen in many different colors. The colors typically include red, orange, yellow, green, blue, and violet. Each color in the rainbow represents a different wavelength of light, which is why the colors appear to blend together in the sky. The colors are formed by the refraction and reflection of sunlight, and the colors are arranged in a specific way, known as the hexagon, to create the rainbow.",,,
d74d6493-b54f-4f77-90a6-cc17bc0d4e1c,2025-10-07T00:26:25.036952,Qwen2_weighted_2_0,What colors do you see in a rainbow?,You are a helpful English teacher for beginner students. Answer with a paragraph only with plain text,"Rainbows, the natural phenomenon formed by the reflection of sunlight, consist of seven colors. These colors are red, orange, yellow, green, blue, indigo, and violet. The colors are formed by the reflection of sunlight, breaking it down into its component parts, which we see as the visible spectrum of light.",Qwen2,Qwen/Qwen2.5-0.5B-Instruct-GGUF,True,False,P7,True,2.0,False,0.7,0.7088649272918701,9.79,12.27,12.46,5.6,50,11,0.0,0.0,0.0,0.0,0.0,0.0,0,0,0,0,0,3.82,0.06,"Rainbows, the natural phenomenon formed by the reflection of sunlight, consist of seven colors. These colors are red, orange, yellow, green, blue, indigo, and violet. The colors are formed by the reflection of sunlight, breaking it down into its component parts, which we see as the visible spectrum of light.",,,
6c0d892b-fdc9-4868-98df-e65606f772df,2025-10-07T00:26:26.137613,Qwen2_weighted_4_0,What colors do you see in a rainbow?,You are a helpful English teacher for beginner students. Answer with a paragraph only with plain text,"A rainbow, a beautiful natural phenomenon, consists of a series of colors. The rainbow's primary colors are, in order, red, orange, yellow, green, blue, and violet. These colors, arranged in sequence, form a perfect, visually striking, and symmetrical display. Each color, from violet to red, is reflected off the surface of water, creating a stunning, colorful, and mesmerizing display. The colors, when combined, create a vivid, harmonious, and, if viewed from a distance, breathtakingly beautiful, array of hues.",Qwen2,Qwen/Qwen2.5-0.5B-Instruct-GGUF,True,False,P7,True,4.0,False,0.7,0.9685139656066895,11.52,11.88,13.02,6.35,78,26,0.0,0.0,0.0,0.0,0.0,0.0,0,0,0,0,0,6.43,0.11,"A rainbow, a beautiful natural phenomenon, consists of a series of colors. The rainbow's primary colors are, in order, red, orange, yellow, green, blue, and violet. These colors, arranged in sequence, form a perfect, visually striking, and symmetrical display. Each color, from violet to red, is reflected off the surface of water, creating a stunning, colorful, and mesmerizing display. The colors, when combined, create a vivid, harmonious, and, if viewed from a distance, breathtakingly beautiful, array of hues.",,,
1a8b4d53-f668-4a41-a79c-2dac09565735,2025-10-07T00:27:02.688429,Qwen3_weighted_1_5,What colors do you see in a rainbow?,You are a helpful English teacher for beginner students. Answer with a paragraph only with plain text,"A rainbow, formed when sunlight interacts with water, consists of seven colors: red, orange, yellow, green, blue, indigo, and violet. These colors are visible due to the unique way light interacts with water. It's a fun and educational experience! 🌟",Qwen3,ggml-org/Qwen3-0.6B-GGUF,True,False,P7,True,1.5,False,0.7,36.37226223945618,9.75,11.35,11.86,4.88,39,8,0.0,0.0,0.0,0.0,0.0,0.0,0,0,0,0,0,3.07,0.05,"A rainbow, formed when sunlight interacts with water, consists of seven colors: red, orange, yellow, green, blue, indigo, and violet. These colors are visible due to the unique way light interacts with water. It's a fun and educational experience!",,,
4ea653a2-9bb3-4b60-80c3-65d4a4434c02,2025-10-07T00:27:48.687309,Qwen3_weighted_2_0,What colors do you see in a rainbow?,You are a helpful English teacher for beginner students. Answer with a paragraph only with plain text,"<think>
Okay, the user asked, ""What colors do you see in a rainbow?"" So, first, I need to address the question. As an English teacher, I can explain that a rainbow is made of seven different colors. Each color, from red to violet, has a unique hue. I should mention that it's a natural phenomenon, not just a rainbow. But maybe I can add that it's created by light, like when sunlight hits water or through raindrops. That helps clarify that it's not just a visual effect but a scientific observation. Also, include that it's not limited to the sky, so that's a good point. Then, maybe touch on how we can appreciate colors, but keep it simple. Let me structure this into a sentence that's clear and engaging. Make sure it's in a paragraph, so the user gets all the information in one paragraph. Double-check that all the colors are mentioned and that the explanation is straightforward. That should answer the question",Qwen3,ggml-org/Qwen3-0.6B-GGUF,True,False,P7,True,2.0,False,0.7,45.455612897872925,6.53,8.7,9.66,4.19,163,25,0.0,0.0,0.0,0.0,0.0,0.0,0,0,0,0,0,11.12,0.19,"<think> Okay, the user asked, ""What colors do you see in a rainbow?"" So, first, I need to address the question. As an English teacher, I can explain that a rainbow is made of seven different colors. Each color, from red to violet, has a unique hue. I should mention that it's a natural phenomenon, not just a rainbow. But maybe I can add that it's created by light, like when sunlight hits water or through raindrops. That helps clarify that it's not just a visual effect but a scientific observation. Also, include that it's not limited to the sky, so that's a good point. Then, maybe touch on how we can appreciate colors, but keep it simple. Let me structure this into a sentence that's clear and engaging. Make sure it's in a paragraph, so the user gets all the information in one paragraph. Double-check that all the colors are mentioned and that the explanation is straightforward. That should answer the question",,,
1497f7a9-200f-4be9-864a-b58b37088414,2025-10-07T00:28:17.995322,Qwen3_weighted_4_0,What colors do you see in a rainbow?,You are a helpful English teacher for beginner students. Answer with a paragraph only with plain text,"<think>
Okay, the user is asking, ""What colors do you see in a rainbow?"" Let's break this down. First, they might be a beginner, so they're curious about the colors. I should explain that a rainbow has seven colors. The colors are red,orange,yellow,green,blue,indigo, and violet. But wait, sometimes people mention the seven, but maybe they're thinking of the seven. But maybe they're just asking, ""what's the color, so I can say, 'there's red,orange,green,blue,indigo, violet, and yellow. That's seven colors. Wait, wait, maybe there's a mistake. Oh, right, there's seven, so that's seven. But sometimes, when people say, ""there's seven, so, let's say, 'red,orange,green,blue,indigo,yellow, violet. That's seven. But, maybe, they think of the seven",Qwen3,ggml-org/Qwen3-0.6B-GGUF,True,False,P7,True,4.0,False,0.7,29.011510133743286,6.57,5.54,7.79,3.38,113,11,0.0,0.0,0.0,0.0,0.0,0.0,0,0,0,0,0,9.36,0.16,"<think> Okay, the user is asking, ""What colors do you see in a rainbow?"" Let's break this down. First, they might be a beginner, so they're curious about the colors. I should explain that a rainbow has seven colors. The colors are red,orange,yellow,green,blue,indigo, and violet. But wait, sometimes people mention the seven, but maybe they're thinking of the seven. But maybe they're just asking, ""what's the color, so I can say, 'there's red,orange,green,blue,indigo, violet, and yellow. That's seven colors. Wait, wait, maybe there's a mistake. Oh, right, there's seven, so that's seven. But sometimes, when people say, ""there's seven, so, let's say, 'red,orange,green,blue,indigo,yellow, violet. That's seven. But, maybe, they think of the seven",,,
90d4eae3-a551-4690-a85c-a09ba1b3b801,2025-10-07T00:33:19.147421,SmolLM_weighted_1_5,What colors do you see in a rainbow?,You are a helpful English teacher for beginner students. Answer with a paragraph only with plain text,,SmolLM,MaziyarPanahi/SmolLM-1.7B-Instruct-GGUF,True,False,P7,True,1.5,False,0.7,301.01113510131836,0.0,0.0,0.0,0.0,0,0,0.0,0.0,0.0,0.0,0.0,0.0,0,0,0,0,0,0.0,0.0,,,,
ad85b935-1c38-498d-ad0e-d8ad5cab8600,2025-10-07T00:38:22.892804,SmolLM_weighted_2_0,What colors do you see in a rainbow?,You are a helpful English teacher for beginner students. Answer with a paragraph only with plain text,,SmolLM,MaziyarPanahi/SmolLM-1.7B-Instruct-GGUF,True,False,P7,True,2.0,False,0.7,303.58617210388184,0.0,0.0,0.0,0.0,0,0,0.0,0.0,0.0,0.0,0.0,0.0,0,0,0,0,0,0.0,0.0,,,,
56cad86e-6da2-4847-a5d8-e0114aaf1cbd,2025-10-07T00:43:23.701877,SmolLM_weighted_4_0,What colors do you see in a rainbow?,You are a helpful English teacher for beginner students. Answer with a paragraph only with plain text,,SmolLM,MaziyarPanahi/SmolLM-1.7B-Instruct-GGUF,True,False,P7,True,4.0,False,0.7,300.63618993759155,0.0,0.0,0.0,0.0,0,0,0.0,0.0,0.0,0.0,0.0,0.0,0,0,0,0,0,0.0,0.0,,,,
acfdf794-6c37-4778-ac86-a2181a1e79f5,2025-10-07T00:48:27.896294,TinyLlama_weighted_1_5,What colors do you see in a rainbow?,You are a helpful English teacher for beginner students. Answer with a paragraph only with plain text,,TinyLlama,TheBloke/TinyLlama-1.1B-Chat-v1.0-GGUF,True,False,P7,True,1.5,False,0.7,303.97023701667786,0.0,0.0,0.0,0.0,0,0,0.0,0.0,0.0,0.0,0.0,0.0,0,0,0,0,0,0.0,0.0,,,,
b6716e1b-3168-495a-a3cc-95d238c07ad3,2025-10-07T00:48:54.121004,TinyLlama_weighted_2_0,What colors do you see in a rainbow?,You are a helpful English teacher for beginner students. Answer with a paragraph only with plain text,"In a rainbow, we see the colors in the spectrum of light from blue to red. The colors in a rainbow start with blue and end with red, and the colors in between are shades of the other colors in the rainbow. For example, blue and green are in the middle of the rainbow and have the shortest wavelengths of light in the spectrum. The shortest wavelengths of light in the rainbow are blue and green, which can be seen with the naked eye.",TinyLlama,TheBloke/TinyLlama-1.1B-Chat-v1.0-GGUF,True,False,P7,True,2.0,False,0.7,25.576653242111206,7.35,8.88,5.99,5.03,84,6,0.0,0.0,0.0,0.0,0.0,0.0,0,0,0,0,0,5.14,0.09,"In a rainbow, we see the colors in the spectrum of light from blue to red. The colors in a rainbow start with blue and end with red, and the colors in between are shades of the other colors in the rainbow. For example, blue and green are in the middle of the rainbow and have the shortest wavelengths of light in the spectrum. The shortest wavelengths of light in the rainbow are blue and green, which can be seen with the naked eye.",,,
8f99c1ab-4faa-4f10-bd4a-08373025be38,2025-10-07T00:50:43.025286,TinyLlama_weighted_4_0,What colors do you see in a rainbow?,You are a helpful English teacher for beginner students. Answer with a paragraph only with plain text,Rainbows can be a beautiful and eye-catching sight for those who have not come to know the rainbow's shades and their names in a long time or have not seen one in person. The sun shines and the sun's rays hit the water droplets in the atmosphere to make them shine and give them a beautiful and shimmering look like a rainbow. The water droplet's shade or colour can be blue or purple or green or white or brown or red or yellow or orange or pink or red or blue or green or brown or blue or red or green or blue or purple or white or brown or red or blue or green or blue or purple or white or brown or red or blue or green or blue or purple or white or brown or red or blue or green or blue or purple or white or brown or red or blue or green or blue or purple,TinyLlama,TheBloke/TinyLlama-1.1B-Chat-v1.0-GGUF,True,False,P7,True,4.0,False,0.7,108.55744171142578,18.97,22.21,10.5,8.73,161,6,0.0,0.0,0.0,0.0,0.0,0.0,0,0,0,0,0,8.83,0.15,Rainbows can be a beautiful and eye-catching sight for those who have not come to know the rainbow's shades and their names in a long time or have not seen one in person. The sun shines and the sun's rays hit the water droplets in the atmosphere to make them shine and give them a beautiful and shimmering look like a rainbow. The water droplet's shade or colour can be blue or purple or green or white or brown or red or yellow or orange or pink or red or blue or green or brown or blue or red or green or blue or purple or white or brown or red or blue or green or blue or purple or white or brown or red or blue or green or blue or purple or white or brown or red or blue or green or blue or purple or white or brown or red or blue or green or blue or purple,,,
1171f5a2-e049-45a4-a846-f7f1ae63e2a1,2025-10-07T00:50:43.672836,TinyStories_weighted_1_5,What colors do you see in a rainbow?,You are a helpful English teacher for beginner students. Answer with a paragraph only with plain text,,TinyStories,roneneldan/TinyStories-33M,True,False,P7,True,1.5,False,0.7,0.5006330013275146,0.0,0.0,0.0,0.0,0,0,0.0,0.0,0.0,0.0,0.0,0.0,0,0,0,0,0,0.0,0.0,,,,
7d3a1bdf-5c1b-4821-a797-c8b0695d7bee,2025-10-07T00:50:43.787891,TinyStories_weighted_2_0,What colors do you see in a rainbow?,You are a helpful English teacher for beginner students. Answer with a paragraph only with plain text,,TinyStories,roneneldan/TinyStories-33M,True,False,P7,True,2.0,False,0.7,0.0034558773040771484,0.0,0.0,0.0,0.0,0,0,0.0,0.0,0.0,0.0,0.0,0.0,0,0,0,0,0,0.0,0.0,,,,
dfbe2fd7-9f94-42f7-a1ed-f0d05f998397,2025-10-07T00:50:43.964348,TinyStories_weighted_4_0,What colors do you see in a rainbow?,You are a helpful English teacher for beginner students. Answer with a paragraph only with plain text,,TinyStories,roneneldan/TinyStories-33M,True,False,P7,True,4.0,False,0.7,0.009079933166503906,0.0,0.0,0.0,0.0,0,0,0.0,0.0,0.0,0.0,0.0,0.0,0,0,0,0,0,0.0,0.0,,,,
152367cf-222b-4a0f-88fd-7998b287e813,2025-10-07T00:50:51.033786,Phi3_weighted_1_5,Can you describe what happens in the morning?What does 'happy' mean?,You are a helpful English teacher for beginner students. Answer with a paragraph only with plain text,"In the morning, people typically wake up from sleep and start their day by engaging in various activities such as brushing their teeth, taking a shower, dressing up, and having breakfast. They may also perform morning routines like exercise, meditation, or reading to get their day started. Throughout the morning, they may go to work or school, run errands, or engage in hobbies and leisure activities.

The word 'happy' is an adjective that describes a feeling of contentment, joy, and positivity. When someone is happy, they generally feel good and have a sense of well-being. This emotion can be triggered by a variety of events or situations, such as receiving good news, spending time with loved ones, achieving a goal, or simply enjoying a beautiful day. Happiness can be expressed in different ways, like smiling, laughing, or being in a good m",Phi3,microsoft/Phi-3-mini-4k-instruct-gguf,True,False,P8,True,1.5,False,0.7,6.8887939453125,11.02,13.18,13.02,5.94,142,36,0.0,0.0,0.0,0.0,0.0,0.0,0,0,0,0,0,10.43,0.17,"In the morning, people typically wake up from sleep and start their day by engaging in various activities such as brushing their teeth, taking a shower, dressing up, and having breakfast. They may also perform morning routines like exercise, meditation, or reading to get their day started. Throughout the morning, they may go to work or school, run errands, or engage in hobbies and leisure activities. The word 'happy' is an adjective that describes a feeling of contentment, joy, and positivity. When someone is happy, they generally feel good and have a sense of well-being. This emotion can be triggered by a variety of events or situations, such as receiving good news, spending time with loved ones, achieving a goal, or simply enjoying a beautiful day. Happiness can be expressed in different ways, like smiling, laughing, or being in a good m",,,
6ccf5f7f-7058-4cd7-93ca-c33e9b2e4a5c,2025-10-07T00:50:56.838769,Phi3_weighted_2_0,Can you describe what happens in the morning?What does 'happy' mean?,You are a helpful English teacher for beginner students. Answer with a paragraph only with plain text,"In the morning, many people start their day with a routine that may include waking up, brushing their teeth, having breakfast, and getting ready for the day ahead. As the sun rises and the day begins, people engage in various activities like going to work or school, exercising, and spending time with family or friends. The morning can be a time of new beginnings and opportunities to start fresh.

The word 'happy' is an adjective that describes a feeling of joy, contentment, or satisfaction. When a person is happy, they may experience a sense of well-being and pleasure in their life or a particular situation. It's a positive emotion that can be shared with others and can have a significant impact on one's mental and emotional well-being.",Phi3,microsoft/Phi-3-mini-4k-instruct-gguf,True,False,P8,True,2.0,False,0.7,5.657334804534912,11.34,13.82,13.02,5.85,127,29,0.0,0.0,0.0,0.0,0.0,0.0,0,0,0,0,0,9.09,0.15,"In the morning, many people start their day with a routine that may include waking up, brushing their teeth, having breakfast, and getting ready for the day ahead. As the sun rises and the day begins, people engage in various activities like going to work or school, exercising, and spending time with family or friends. The morning can be a time of new beginnings and opportunities to start fresh. The word 'happy' is an adjective that describes a feeling of joy, contentment, or satisfaction. When a person is happy, they may experience a sense of well-being and pleasure in their life or a particular situation. It's a positive emotion that can be shared with others and can have a significant impact on one's mental and emotional well-being.",,,
03374b0c-d548-4cdd-bcce-ab06413a1c0c,2025-10-07T00:51:03.028160,Phi3_weighted_4_0,Can you describe what happens in the morning?What does 'happy' mean?,You are a helpful English teacher for beginner students. Answer with a paragraph only with plain text,"In the morning, the day begins with the sunrise and the start of our wake-up routines. We may have breakfast and get ready for the day's activities or school and work. Our mornings can be a time of rejuvenation and preparing for the day's tasks and responsibilities.

'Happy' is an emotion or a state of well-being that people experience in a good mood or with a sense of enjoyment and contentment. When we say we're happy, it can be in reference to a person's mood or in the context of a situation that brings them a sense of joy or pleasure. It's a word that can be used to describe a person's emotions or to express our desires for others to be in a good mood or to enjoy their day.",Phi3,microsoft/Phi-3-mini-4k-instruct-gguf,True,False,P8,True,4.0,False,0.7,6.018314361572266,9.77,12.7,11.54,5.36,131,21,0.0,0.0,0.0,0.0,0.0,0.0,0,0,0,0,0,8.14,0.14,"In the morning, the day begins with the sunrise and the start of our wake-up routines. We may have breakfast and get ready for the day's activities or school and work. Our mornings can be a time of rejuvenation and preparing for the day's tasks and responsibilities. 'Happy' is an emotion or a state of well-being that people experience in a good mood or with a sense of enjoyment and contentment. When we say we're happy, it can be in reference to a person's mood or in the context of a situation that brings them a sense of joy or pleasure. It's a word that can be used to describe a person's emotions or to express our desires for others to be in a good mood or to enjoy their day.",,,
0b8bf039-b796-44ca-aeaa-e4d0b6155242,2025-10-07T00:51:06.437434,Qwen2_weighted_1_5,Can you describe what happens in the morning?What does 'happy' mean?,You are a helpful English teacher for beginner students. Answer with a paragraph only with plain text,"Certainly! The first part of the morning, known as the ""morning light,"" is marked by the brightening of the light and the sun's rays, which are believed to be the first signs of the day's start. This period typically begins at sunrise and lasts until sunset, making it a crucial time for waking up and preparing for the day. It's during the morning light that we begin our day, marking the start of the day's work and responsibilities.",Qwen2,Qwen/Qwen2.5-0.5B-Instruct-GGUF,True,False,P8,True,1.5,False,0.7,3.2653331756591797,10.89,12.96,11.21,5.61,78,10,0.0,0.0,0.0,0.0,0.0,0.0,0,0,0,0,0,5.26,0.09,"Certainly! The first part of the morning, known as the ""morning light,"" is marked by the brightening of the light and the sun's rays, which are believed to be the first signs of the day's start. This period typically begins at sunrise and lasts until sunset, making it a crucial time for waking up and preparing for the day. It's during the morning light that we begin our day, marking the start of the day's work and responsibilities.",,,
5fbd1006-3059-49fc-b838-9adf8cea8249,2025-10-07T00:51:07.594353,Qwen2_weighted_2_0,Can you describe what happens in the morning?What does 'happy' mean?,You are a helpful English teacher for beginner students. Answer with a paragraph only with plain text,"Certainly! Morning is a time of day when one typically wakes up, often accompanied by a sense of well-being, rejuvenation, and optimism. The act of waking up can be a step toward a more positive outlook. 'Happy' in this context, can be interpreted as feeling positive, optimistic, and content, regardless of whether this feeling is expressed externally. It's a state of mind, an attitude, or a state of being, which is often reflected in the overall mood, energy, and outlook of an individual.",Qwen2,Qwen/Qwen2.5-0.5B-Instruct-GGUF,True,False,P8,True,2.0,False,0.7,0.9927821159362793,12.55,16.01,14.91,6.36,83,22,0.0,0.0,0.0,0.0,0.0,0.0,0,0,0,0,0,6.04,0.1,"Certainly! Morning is a time of day when one typically wakes up, often accompanied by a sense of well-being, rejuvenation, and optimism. The act of waking up can be a step toward a more positive outlook. 'Happy' in this context, can be interpreted as feeling positive, optimistic, and content, regardless of whether this feeling is expressed externally. It's a state of mind, an attitude, or a state of being, which is often reflected in the overall mood, energy, and outlook of an individual.",,,
25817924-a873-4f77-8bfa-338bb63f2136,2025-10-07T00:51:09.670118,Qwen2_weighted_4_0,Can you describe what happens in the morning?What does 'happy' mean?,You are a helpful English teacher for beginner students. Answer with a paragraph only with plain text,"In the morning, a person's first impression is often positive, characterized by a sense of calm, clarity, and optimism. This initial state, known as the 'morning calm, ' is a state of harmony, tranquility, and receptivity, reflecting a positive, positive, and positive. It's a state of peace, harmony, tranquility, and receptivity, reflecting a positive, positive, and positive. This is a state of harmony, tranquility, and receptivity, reflecting a positive, positive, and positive. This is a state of harmony, tranquility, and receptivity, reflecting a positive, positive, and positive. This is a state of harmony, tranquility, and receptivity, reflecting a positive, positive, and positive. This is a state of harmony, tranquility, and receptivity, reflecting a positive, positive, and positive. This is a state of harmony, tranquility, and receptivity, reflecting a positive, positive, and positive.",Qwen2,Qwen/Qwen2.5-0.5B-Instruct-GGUF,True,False,P8,True,4.0,False,0.7,1.8674039840698242,14.94,23.34,18.11,6.82,131,11,0.0,0.0,0.0,0.0,0.0,0.0,0,0,0,0,0,11.34,0.19,"In the morning, a person's first impression is often positive, characterized by a sense of calm, clarity, and optimism. This initial state, known as the 'morning calm, ' is a state of harmony, tranquility, and receptivity, reflecting a positive, positive, and positive. It's a state of peace, harmony, tranquility, and receptivity, reflecting a positive, positive, and positive. This is a state of harmony, tranquility, and receptivity, reflecting a positive, positive, and positive. This is a state of harmony, tranquility, and receptivity, reflecting a positive, positive, and positive. This is a state of harmony, tranquility, and receptivity, reflecting a positive, positive, and positive. This is a state of harmony, tranquility, and receptivity, reflecting a positive, positive, and positive. This is a state of harmony, tranquility, and receptivity, reflecting a positive, positive, and positive.",,,
a1e608b3-ee1c-48c1-ab8e-5203b67eec6e,2025-10-07T00:52:31.847846,Qwen3_weighted_1_5,Can you describe what happens in the morning?What does 'happy' mean?,You are a helpful English teacher for beginner students. Answer with a paragraph only with plain text,,Qwen3,ggml-org/Qwen3-0.6B-GGUF,True,False,P8,True,1.5,False,0.7,81.9788019657135,0.0,0.0,0.0,0.0,0,0,0.0,0.0,0.0,0.0,0.0,0.0,0,0,0,0,0,0.0,0.0,,,,
f59381ed-f9a2-4d5f-a8a2-f4b151a58e67,2025-10-07T00:53:55.768226,Qwen3_weighted_2_0,Can you describe what happens in the morning?What does 'happy' mean?,You are a helpful English teacher for beginner students. Answer with a paragraph only with plain text,"Morning is a time when people wake up, start their day, and engage in various activities. It can include waking up, getting dressed, eating, and socializing. The phrase ""happy"" means feeling happy, positive, and fulfilling, which helps in having a",Qwen3,ggml-org/Qwen3-0.6B-GGUF,True,False,P8,True,2.0,False,0.7,83.4159848690033,8.2,10.33,10.5,4.87,40,10,0.0,0.0,0.0,0.0,0.0,0.0,0,0,0,0,0,3.06,0.05,"Morning is a time when people wake up, start their day, and engage in various activities. It can include waking up, getting dressed, eating, and socializing. The phrase ""happy"" means feeling happy, positive, and fulfilling, which helps in having a",,,
bea9cbc7-36b2-4d84-8f53-472433a13ed9,2025-10-07T00:54:58.681099,Qwen3_weighted_4_0,Can you describe what happens in the morning?What does 'happy' mean?,You are a helpful English teacher for beginner students. Answer with a paragraph only with plain text,"<think>
Okay, the user is asking for a morning description and what 'happy' means. Let me start by breaking down the question. First, the morning part. I should describe the typical activities in the morning, like waking up, getting up, and getting ready. Maybe include some common tasks, like waking up, getting dressed, having breakfast, and getting started. That's a good starting point. Now, the second part, understanding 'happy'. The user might be a beginner, so I need to explain that 'happy' is a feeling, not just a state. Use simple, everyday language. Maybe mention that happiness can come from many things, like a good meal, a good friend, or enjoying the present. Also, mention that happiness isn't just about being happy, but about living in the moment. That's important. Let me make sure the answer is clear, engaging, and friendly. Need to keep it concise, in a paragraph, no markdown. Alright, that",Qwen3,ggml-org/Qwen3-0.6B-GGUF,True,False,P8,True,4.0,False,0.7,62.53869700431824,6.66,6.8,8.62,3.9,153,22,0.0,0.0,0.0,0.0,0.0,0.0,0,0,0,0,0,11.21,0.19,"<think> Okay, the user is asking for a morning description and what 'happy' means. Let me start by breaking down the question. First, the morning part. I should describe the typical activities in the morning, like waking up, getting up, and getting ready. Maybe include some common tasks, like waking up, getting dressed, having breakfast, and getting started. That's a good starting point. Now, the second part, understanding 'happy'. The user might be a beginner, so I need to explain that 'happy' is a feeling, not just a state. Use simple, everyday language. Maybe mention that happiness can come from many things, like a good meal, a good friend, or enjoying the present. Also, mention that happiness isn't just about being happy, but about living in the moment. That's important. Let me make sure the answer is clear, engaging, and friendly. Need to keep it concise, in a paragraph, no markdown. Alright, that",,,
d45d5c41-0a50-4c58-9e45-2459412a1ade,2025-10-07T01:00:01.372147,SmolLM_weighted_1_5,Can you describe what happens in the morning?What does 'happy' mean?,You are a helpful English teacher for beginner students. Answer with a paragraph only with plain text,,SmolLM,MaziyarPanahi/SmolLM-1.7B-Instruct-GGUF,True,False,P8,True,1.5,False,0.7,302.52915501594543,0.0,0.0,0.0,0.0,0,0,0.0,0.0,0.0,0.0,0.0,0.0,0,0,0,0,0,0.0,0.0,,,,
868aba1e-07ff-47eb-bc1a-daba384d8b86,2025-10-07T01:03:20.713735,SmolLM_weighted_2_0,Can you describe what happens in the morning?What does 'happy' mean?,You are a helpful English teacher for beginner students. Answer with a paragraph only with plain text,"In the morning, people are generally cheerful and awake. The word ""happy"" is an adjective that describes the state of being joyful or satisfied. It can be used to describe people, places, and things. For example, ""the sun is shining, and the birds are singing, making me happy.""",SmolLM,MaziyarPanahi/SmolLM-1.7B-Instruct-GGUF,True,False,P8,True,2.0,False,0.7,199.08352422714233,6.79,8.13,8.84,3.96,48,8,0.0,0.0,0.0,0.0,0.0,0.0,0,0,0,0,0,3.39,0.06,"In the morning, people are generally cheerful and awake. The word ""happy"" is an adjective that describes the state of being joyful or satisfied. It can be used to describe people, places, and things. For example, ""the sun is shining, and the birds are singing, making me happy.""",,,
427f67c5-0415-4e61-83ae-a9e40f06bc44,2025-10-07T01:08:21.410247,SmolLM_weighted_4_0,Can you describe what happens in the morning?What does 'happy' mean?,You are a helpful English teacher for beginner students. Answer with a paragraph only with plain text,,SmolLM,MaziyarPanahi/SmolLM-1.7B-Instruct-GGUF,True,False,P8,True,4.0,False,0.7,300.56525111198425,0.0,0.0,0.0,0.0,0,0,0.0,0.0,0.0,0.0,0.0,0.0,0,0,0,0,0,0.0,0.0,,,,
825cecd6-66bc-4c45-83b9-2154cbf17025,2025-10-07T01:10:28.525254,TinyLlama_weighted_1_5,Can you describe what happens in the morning?What does 'happy' mean?,You are a helpful English teacher for beginner students. Answer with a paragraph only with plain text,"Certainly! Here's a paragraph with a sentence for each line and a basic plot: In the morning, the sun rises with a bright shine and a chirp of birds' voices. The air is fresh and clean, and the sun's rays penetrate the greenery of the garden and carpet the earth with a golden glow. The birds start their morning chorus, and the children start their day with a smile and a cup of hot water. The breakfast table is set with a variety of fruits, cereals, and breads for a balanced breakfast. The table is clean, and the children's plates and bowls are clean and neat. The teacher, a smiling face in a well-worn gray shirt and a pair of sneakers, enters the classroom with a smile on her face, ready to start the day with a smile and a positive attitude. '",TinyLlama,TheBloke/TinyLlama-1.1B-Chat-v1.0-GGUF,True,False,P8,True,1.5,False,0.7,126.76301407814026,8.93,11.44,9.73,5.15,142,16,0.0,0.0,0.0,0.0,0.0,0.0,0,0,0,0,0,8.98,0.15,"Certainly! Here's a paragraph with a sentence for each line and a basic plot: In the morning, the sun rises with a bright shine and a chirp of birds' voices. The air is fresh and clean, and the sun's rays penetrate the greenery of the garden and carpet the earth with a golden glow. The birds start their morning chorus, and the children start their day with a smile and a cup of hot water. The breakfast table is set with a variety of fruits, cereals, and breads for a balanced breakfast. The table is clean, and the children's plates and bowls are clean and neat. The teacher, a smiling face in a well-worn gray shirt and a pair of sneakers, enters the classroom with a smile on her face, ready to start the day with a smile and a positive attitude. '",,,
57a52e56-ebc3-46cc-bd5b-06d77f081baf,2025-10-07T01:13:00.118957,TinyLlama_weighted_2_0,Can you describe what happens in the morning?What does 'happy' mean?,You are a helpful English teacher for beginner students. Answer with a paragraph only with plain text,Sure! Here's an example: Morning: - I wake up to the sweet aroma of coffee brewing in the kitchen - My co-teacher and I head to our classroom where we're greeted by the sweet aroma of our morning tapioca bread baking in the oven - The day's lesson plan is open on my computer and we're preparing for the lesson with the help of our teacher's handy-dandy lesson planning software - We're now in the middle of the lesson when the doorbell rings and our co-teacher and classmates come in with their mugs of coffee - We're now in the classroom and the lesson's in full swing with the help of the teacher's interactive whiteboard - I'm now in the midst of an English conversation with,TinyLlama,TheBloke/TinyLlama-1.1B-Chat-v1.0-GGUF,True,False,P8,True,2.0,False,0.7,150.7792489528656,47.93,50.67,19.29,19.12,120,16,0.0,0.0,0.0,0.0,0.0,0.0,0,0,0,0,0,8.14,0.14,Sure! Here's an example: Morning: - I wake up to the sweet aroma of coffee brewing in the kitchen - My co-teacher and I head to our classroom where we're greeted by the sweet aroma of our morning tapioca bread baking in the oven - The day's lesson plan is open on my computer and we're preparing for the lesson with the help of our teacher's handy-dandy lesson planning software - We're now in the middle of the lesson when the doorbell rings and our co-teacher and classmates come in with their mugs of coffee - We're now in the classroom and the lesson's in full swing with the help of the teacher's interactive whiteboard - I'm now in the midst of an English conversation with,,,
fcd24896-8bc6-4926-a1f4-dd10250cd194,2025-10-07T01:13:36.492764,TinyLlama_weighted_4_0,Can you describe what happens in the morning?What does 'happy' mean?,You are a helpful English teacher for beginner students. Answer with a paragraph only with plain text,'Happy' in the morning can be a good start to the day for some people. 'Happy' in the morning can be a word that can have a variety of meanings and can be a good start for a morning where the person may be in a good mood or have a good day in the start of a day that they want to make a good one or a great one for their morning routine or the day to come! 'Happy' in the morning can be a word that can be a good start for a morning where the person may be in a good mood or have a good day in the start of a day that they want to make a good one or a great one for their morning routine or the day to come! 'Happy' in the morning can be a word that can have a variety of meanings and can be a good start for a morning where the person may be in a good mood or have,TinyLlama,TheBloke/TinyLlama-1.1B-Chat-v1.0-GGUF,True,False,P8,True,4.0,False,0.7,36.031415939331055,14.92,17.76,7.17,7.24,173,3,0.0,0.0,0.0,0.0,0.0,0.0,0,0,0,0,0,8.71,0.15,'Happy' in the morning can be a good start to the day for some people. 'Happy' in the morning can be a word that can have a variety of meanings and can be a good start for a morning where the person may be in a good mood or have a good day in the start of a day that they want to make a good one or a great one for their morning routine or the day to come! 'Happy' in the morning can be a word that can be a good start for a morning where the person may be in a good mood or have a good day in the start of a day that they want to make a good one or a great one for their morning routine or the day to come! 'Happy' in the morning can be a word that can have a variety of meanings and can be a good start for a morning where the person may be in a good mood or have,,,
82bdaa32-cc28-4c78-b2b4-50981ebc0a71,2025-10-07T01:13:37.244406,TinyStories_weighted_1_5,Can you describe what happens in the morning?What does 'happy' mean?,You are a helpful English teacher for beginner students. Answer with a paragraph only with plain text,,TinyStories,roneneldan/TinyStories-33M,True,False,P8,True,1.5,False,0.7,0.6238501071929932,0.0,0.0,0.0,0.0,0,0,0.0,0.0,0.0,0.0,0.0,0.0,0,0,0,0,0,0.0,0.0,,,,
b618b3ab-eb20-4f16-8554-25c9db4f3063,2025-10-07T01:13:37.363729,TinyStories_weighted_2_0,Can you describe what happens in the morning?What does 'happy' mean?,You are a helpful English teacher for beginner students. Answer with a paragraph only with plain text,,TinyStories,roneneldan/TinyStories-33M,True,False,P8,True,2.0,False,0.7,0.002994060516357422,0.0,0.0,0.0,0.0,0,0,0.0,0.0,0.0,0.0,0.0,0.0,0,0,0,0,0,0.0,0.0,,,,
a7573268-a49e-4751-af11-9a0f1cf968cb,2025-10-07T01:13:37.477180,TinyStories_weighted_4_0,Can you describe what happens in the morning?What does 'happy' mean?,You are a helpful English teacher for beginner students. Answer with a paragraph only with plain text,,TinyStories,roneneldan/TinyStories-33M,True,False,P8,True,4.0,False,0.7,0.001783132553100586,0.0,0.0,0.0,0.0,0,0,0.0,0.0,0.0,0.0,0.0,0.0,0,0,0,0,0,0.0,0.0,,,,
9f962f4f-aea1-4125-9514-21ab3359a382,2025-10-07T01:13:43.636214,Phi3_weighted_1_5,How do you say goodbye in English?,You are a helpful English teacher for beginner students. Answer with a paragraph only with plain text,"In English, there are several ways to say goodbye, depending on the context and your relationship with the person you're speaking to. Some common phrases include ""Goodbye,"" which is the most standard and universally understood way to part ways. ""Farewell"" is a more formal and poetic alternative, often used in special or ceremonial situations. ""See you later"" or ""See you soon"" are casual and friendly expressions that imply you'll be meeting again in the near future. Other variations like ""Take care,"" ""Have a great day,"" or ""Goodbye for now"" can add a personal touch to your farewell. Remember that body language and tone of voice can also convey your emotions when saying goodbye, so choose your words and mannerisms accordingly.",Phi3,microsoft/Phi-3-mini-4k-instruct-gguf,True,False,P9,True,1.5,False,0.7,5.90224814414978,11.09,13.0,12.46,5.81,120,30,0.0,0.0,0.0,0.0,0.0,0.0,0,0,0,0,0,9.03,0.15,"In English, there are several ways to say goodbye, depending on the context and your relationship with the person you're speaking to. Some common phrases include ""Goodbye,"" which is the most standard and universally understood way to part ways. ""Farewell"" is a more formal and poetic alternative, often used in special or ceremonial situations. ""See you later"" or ""See you soon"" are casual and friendly expressions that imply you'll be meeting again in the near future. Other variations like ""Take care,"" ""Have a great day,"" or ""Goodbye for now"" can add a personal touch to your farewell. Remember that body language and tone of voice can also convey your emotions when saying goodbye, so choose your words and mannerisms accordingly.",,,
2454a603-ff7a-4dfe-a133-b0705b394f73,2025-10-07T01:13:47.439342,Phi3_weighted_2_0,How do you say goodbye in English?,You are a helpful English teacher for beginner students. Answer with a paragraph only with plain text,"In English, there are various ways to say goodbye to someone depending on the context and the relationship with the person you're parting with. Some common phrases include ""Goodbye,"" ""Farewell,"" ""See you later,"" ""Take care,"" or ""Have a great day."" You can also use the word ""bye"" as a casual and informal way to say goodbye to friends or family. Remember to choose a phrase that fits the situation and the people you're saying goodbye to.",Phi3,microsoft/Phi-3-mini-4k-instruct-gguf,True,False,P9,True,2.0,False,0.7,3.6489081382751465,9.05,10.76,11.21,5.1,76,14,0.0,0.0,0.0,0.0,0.0,0.0,0,0,0,0,0,5.33,0.09,"In English, there are various ways to say goodbye to someone depending on the context and the relationship with the person you're parting with. Some common phrases include ""Goodbye,"" ""Farewell,"" ""See you later,"" ""Take care,"" or ""Have a great day."" You can also use the word ""bye"" as a casual and informal way to say goodbye to friends or family. Remember to choose a phrase that fits the situation and the people you're saying goodbye to.",,,
d92d06c8-50c0-4ca6-b997-effd5bbaa612,2025-10-07T01:13:53.416324,Phi3_weighted_4_0,How do you say goodbye in English?,You are a helpful English teacher for beginner students. Answer with a paragraph only with plain text,"In English, there are a number of ways to say goodbye, and the choice can depend on the context and your relationship with the person you're bidding farewell to. Some of the most common and universally accepted sayings to say goodbye in English include ""Goodbye,"" which can be used in a variety of situations; ""Farewell,"" which carries a slightly more formal or old-fashioned tone; and ""See you later,"" which can be used in a casual or friendly context to say goodbye with the expectation of an in-person or virtual meeting in the near future. Additionally, there are many other expressions like ""Take care,"" ""Have a great day!"", or ""Good night"" that can be used to say goodbye in a warm and personable manner.",Phi3,microsoft/Phi-3-mini-4k-instruct-gguf,True,False,P9,True,4.0,False,0.7,5.65952467918396,14.25,16.53,13.43,7.06,123,26,0.0,0.0,0.0,0.0,0.0,0.0,0,0,0,0,0,8.64,0.14,"In English, there are a number of ways to say goodbye, and the choice can depend on the context and your relationship with the person you're bidding farewell to. Some of the most common and universally accepted sayings to say goodbye in English include ""Goodbye,"" which can be used in a variety of situations; ""Farewell,"" which carries a slightly more formal or old-fashioned tone; and ""See you later,"" which can be used in a casual or friendly context to say goodbye with the expectation of an in-person or virtual meeting in the near future. Additionally, there are many other expressions like ""Take care,"" ""Have a great day!"", or ""Good night"" that can be used to say goodbye in a warm and personable manner.",,,
ebd62a58-9100-4658-9db0-b1f3260d03e0,2025-10-07T01:14:03.223677,Qwen2_weighted_1_5,How do you say goodbye in English?,You are a helpful English teacher for beginner students. Answer with a paragraph only with plain text,"The phrase ""how do you say goodbye in English?"" is: ""how do you say goodbye in English?""",Qwen2,Qwen/Qwen2.5-0.5B-Instruct-GGUF,True,False,P9,True,1.5,False,0.7,9.616640090942383,2.3,3.4,3.13,2.04,17,0,0.0,0.0,0.0,0.0,0.0,0.0,0,0,0,0,0,1.06,0.02,"The phrase ""how do you say goodbye in English?"" is: ""how do you say goodbye in English?""",,,
feb5900b-5981-4ec7-a5f3-da8209040db3,2025-10-07T01:14:04.082351,Qwen2_weighted_2_0,How do you say goodbye in English?,You are a helpful English teacher for beginner students. Answer with a paragraph only with plain text,"Goodbye, in English, is ""Goodbye, [name]"" or ""Goodbye, to [name].""",Qwen2,Qwen/Qwen2.5-0.5B-Instruct-GGUF,True,False,P9,True,2.0,False,0.7,0.6893227100372314,4.83,4.0,3.13,2.25,10,0,0.0,0.0,0.0,0.0,0.0,0.0,0,0,0,0,0,0.84,0.01,"Goodbye, in English, is ""Goodbye, [name]"" or ""Goodbye, to [name].""",,,
5b8a6304-6ebb-4fd0-bac2-7f6282631922,2025-10-07T01:14:06.013264,Qwen2_weighted_4_0,How do you say goodbye in English?,You are a helpful English teacher for beginner students. Answer with a paragraph only with plain text,"bye, goodbye, and goodbye, are common English greetings. To say goodbye, you can use, ""goodbye, "" ""goodnight, "" or ""see you, "" to indicate farewell. For more formal, you might say, ""goodnight, "" or, ""goodnight, "" ""and, "" or, ""goodnight, "" or, ""goodnight, "" or, ""goodnight, "" or, ""goodnight, "" or, ""goodnight, "" or, ""goodnight, "" or, ""goodnight, "" or, ""goodnight, "" or, ""goodnight, "" or, ""goodnight, "" or, ""goodnight, "" or, ""goodnight, ""or, ""goodnight, ""or, ""goodnight, ""or, ""goodnight, ""or, ""goodnight, ""or, ""goodnight, ""or, ""goodnight, ""or, ""goodnight, ""or,",Qwen2,Qwen/Qwen2.5-0.5B-Instruct-GGUF,True,False,P9,True,4.0,False,0.7,1.805213212966919,10.92,10.03,6.43,7.45,71,6,0.0,0.0,0.0,0.0,0.0,0.0,0,0,0,0,0,6.92,0.12,"bye, goodbye, and goodbye, are common English greetings. To say goodbye, you can use, ""goodbye, "" ""goodnight, "" or ""see you, "" to indicate farewell. For more formal, you might say, ""goodnight, "" or, ""goodnight, "" ""and, "" or, ""goodnight, "" or, ""goodnight, "" or, ""goodnight, "" or, ""goodnight, "" or, ""goodnight, "" or, ""goodnight, "" or, ""goodnight, "" or, ""goodnight, "" or, ""goodnight, "" or, ""goodnight, "" or, ""goodnight, "" or, ""goodnight, ""or, ""goodnight, ""or, ""goodnight, ""or, ""goodnight, ""or, ""goodnight, ""or, ""goodnight, ""or, ""goodnight, ""or, ""goodnight, ""or,",,,
66bd1778-2a09-472a-8183-7db86056dfd4,2025-10-07T01:15:21.760857,Qwen3_weighted_1_5,How do you say goodbye in English?,You are a helpful English teacher for beginner students. Answer with a paragraph only with plain text,"<think>
Okay, the user is asking how to say goodbye in English. Let me think. First, I need to list common phrases. The most basic ones are ""Goodbye!"" and ""Bye!"". Then, maybe add some variations. Like ""Have a great time!"" or ""Stay in touch!"" for a more friendly tone. Also, include a couple of different ways depending on the context. For example, ""Goodbye, see you!"" is a common expression. Are there any other phrases? ""Until tomorrow, see you!"" sounds good. And maybe ""Goodbye, be back soon!"" for a more formal tone. That should cover different situations. Let me structure a sentence with each phrase, making sure to provide a variety of options. Let me check if there are any other common expressions. Yes, ""You're welcome, see you next time!"" is another. That's a nice addition. So the answer should be a paragraph with a list of these phrases, explaining",Qwen3,ggml-org/Qwen3-0.6B-GGUF,True,False,P9,True,1.5,False,0.7,75.40367197990417,4.28,5.52,7.79,3.4,149,23,0.0,0.0,0.0,0.0,0.0,0.0,0,0,0,0,0,10.47,0.17,"<think> Okay, the user is asking how to say goodbye in English. Let me think. First, I need to list common phrases. The most basic ones are ""Goodbye!"" and ""Bye!"". Then, maybe add some variations. Like ""Have a great time!"" or ""Stay in touch!"" for a more friendly tone. Also, include a couple of different ways depending on the context. For example, ""Goodbye, see you!"" is a common expression. Are there any other phrases? ""Until tomorrow, see you!"" sounds good. And maybe ""Goodbye, be back soon!"" for a more formal tone. That should cover different situations. Let me structure a sentence with each phrase, making sure to provide a variety of options. Let me check if there are any other common expressions. Yes, ""You're welcome, see you next time!"" is another. That's a nice addition. So the answer should be a paragraph with a list of these phrases, explaining",,,
efbd5d23-4525-4485-b634-e7edb24e46cb,2025-10-07T01:16:18.165076,Qwen3_weighted_2_0,How do you say goodbye in English?,You are a helpful English teacher for beginner students. Answer with a paragraph only with plain text,"In English, you can say ""goodbye"" or ""goodnight"" to express your farewell. ""Goodbye"" is a common",Qwen3,ggml-org/Qwen3-0.6B-GGUF,True,False,P9,True,2.0,False,0.7,56.22315788269043,4.49,3.2,3.13,4.12,16,4,0.0,0.0,0.0,0.0,0.0,0.0,0,0,0,0,0,1.19,0.02,"In English, you can say ""goodbye"" or ""goodnight"" to express your farewell. ""Goodbye"" is a common",,,
25aebb3a-f0ff-4c89-87a7-e32dd975bb7f,2025-10-07T01:17:00.855357,Qwen3_weighted_4_0,How do you say goodbye in English?,You are a helpful English teacher for beginner students. Answer with a paragraph only with plain text,"<think>
Okay, the user is asking, ""How do you say goodbye in English?"" I need to answer this. First, I should recall the common ways. In English, ""goodbye"" is the main term, but maybe the user wants more. The phrase ""goodbye, see you"" is a common way. Also, ""bless you"" could be a phrase. Let me make sure. The user might be a beginner, so using simple, everyday expressions. I should list a couple of options. Let me check. Yes, that's right. So, the answer should be a sentence, maybe. Let's go with that. ""Goodbye, see you. Bless you, have a goodnight. Goodbye, see you. Have a goodnight, have a goodday. Goodbye, see you. Goodbye, have a goodnight. Goodbye, see you. Goodbye, have a goodday. Goodbye, see you. Goodbye,",Qwen3,ggml-org/Qwen3-0.6B-GGUF,True,False,P9,True,4.0,False,0.7,42.094332218170166,2.34,2.97,5.24,2.87,129,12,0.0,0.0,0.0,0.0,0.0,0.0,0,0,0,0,0,8.73,0.15,"<think> Okay, the user is asking, ""How do you say goodbye in English?"" I need to answer this. First, I should recall the common ways. In English, ""goodbye"" is the main term, but maybe the user wants more. The phrase ""goodbye, see you"" is a common way. Also, ""bless you"" could be a phrase. Let me make sure. The user might be a beginner, so using simple, everyday expressions. I should list a couple of options. Let me check. Yes, that's right. So, the answer should be a sentence, maybe. Let's go with that. ""Goodbye, see you. Bless you, have a goodnight. Goodbye, see you. Have a goodnight, have a goodday. Goodbye, see you. Goodbye, have a goodnight. Goodbye, see you. Goodbye, have a goodday. Goodbye, see you. Goodbye,",,,
60aab906-af84-40af-bd38-3c73b285d15e,2025-10-07T01:22:02.793185,SmolLM_weighted_1_5,How do you say goodbye in English?,You are a helpful English teacher for beginner students. Answer with a paragraph only with plain text,,SmolLM,MaziyarPanahi/SmolLM-1.7B-Instruct-GGUF,True,False,P9,True,1.5,False,0.7,301.7361171245575,0.0,0.0,0.0,0.0,0,0,0.0,0.0,0.0,0.0,0.0,0.0,0,0,0,0,0,0.0,0.0,,,,
b747d9a5-00aa-47da-9a34-278ab21a1347,2025-10-07T01:26:42.799899,SmolLM_weighted_2_0,How do you say goodbye in English?,You are a helpful English teacher for beginner students. Answer with a paragraph only with plain text,"In English, there isn't a specific phrase for ""goodbye,"" but you can express it as ""see you later"" or ""take care"" when leaving. To say goodbye, you can also use the abbreviated ""bye"" or ""bye bye."" If you want to add a friendly note, you can say, ""bye, have a great day!"".",SmolLM,MaziyarPanahi/SmolLM-1.7B-Instruct-GGUF,True,False,P9,True,2.0,False,0.7,279.76457715034485,6.37,8.47,7.79,3.94,52,4,0.0,0.0,0.0,0.0,0.0,0.0,0,0,0,0,0,3.23,0.05,"In English, there isn't a specific phrase for ""goodbye,"" but you can express it as ""see you later"" or ""take care"" when leaving. To say goodbye, you can also use the abbreviated ""bye"" or ""bye bye."" If you want to add a friendly note, you can say, ""bye, have a great day!"".",,,
ab682d44-2956-4821-9c60-387ca2018c62,2025-10-07T01:31:44.950903,SmolLM_weighted_4_0,How do you say goodbye in English?,You are a helpful English teacher for beginner students. Answer with a paragraph only with plain text,,SmolLM,MaziyarPanahi/SmolLM-1.7B-Instruct-GGUF,True,False,P9,True,4.0,False,0.7,302.0064091682434,0.0,0.0,0.0,0.0,0,0,0.0,0.0,0.0,0.0,0.0,0.0,0,0,0,0,0,0.0,0.0,,,,
eda80fcb-21e2-4b47-8018-8afd38b5213a,2025-10-07T01:31:54.455669,TinyLlama_weighted_1_5,How do you say goodbye in English?,You are a helpful English teacher for beginner students. Answer with a paragraph only with plain text,"In English, to say goodbye to someone, you can say: - Goodbye in person: Bye-bye - Goodbye over the phone or in person: Bye-bye bye - Goodbye in a letter or email: Bye-bye - Goodbye in a text or social media: Bye-bye!",TinyLlama,TheBloke/TinyLlama-1.1B-Chat-v1.0-GGUF,True,False,P9,True,1.5,False,0.7,9.33276891708374,16.93,16.25,8.84,7.78,38,4,0.0,0.0,0.0,0.0,0.0,0.0,0,0,0,0,0,2.59,0.04,"In English, to say goodbye to someone, you can say: - Goodbye in person: Bye-bye - Goodbye over the phone or in person: Bye-bye bye - Goodbye in a letter or email: Bye-bye - Goodbye in a text or social media: Bye-bye!",,,
2b1e623b-d6ec-4c4b-b6ec-7185441474fc,2025-10-07T01:32:45.682717,TinyLlama_weighted_2_0,How do you say goodbye in English?,You are a helpful English teacher for beginner students. Answer with a paragraph only with plain text,"In English, how to say goodbye can be different depending on the person and the situation you're in. Here's a simple guide for the most common goodbye phrases in different contexts and how to say them in English: 1. Goodbye in person: - Goodbye to my friend! - See you tomorrow! - Bye for now! - See you again! - Thank you for everything! - Have a great day! - Till we see each other again! - You're welcome! - May you have a happy day! - Bye and goodbye! 2. Goodbye by phone or email: - Hi there! - Great to see you! - Have a great day! - Bye for now! - See you again! - May you have a great day! - You're welcome! - I'll see you",TinyLlama,TheBloke/TinyLlama-1.1B-Chat-v1.0-GGUF,True,False,P9,True,2.0,False,0.7,50.931589126586914,2.31,3.22,6.43,2.18,113,6,0.0,0.0,0.0,0.0,0.0,0.0,0,0,0,0,0,7.34,0.12,"In English, how to say goodbye can be different depending on the person and the situation you're in. Here's a simple guide for the most common goodbye phrases in different contexts and how to say them in English: 1. Goodbye in person: - Goodbye to my friend! - See you tomorrow! - Bye for now! - See you again! - Thank you for everything! - Have a great day! - Till we see each other again! - You're welcome! - May you have a happy day! - Bye and goodbye! 2. Goodbye by phone or email: - Hi there! - Great to see you! - Have a great day! - Bye for now! - See you again! - May you have a great day! - You're welcome! - I'll see you",,,
c5655efe-e749-4d29-a742-1883e6c93035,2025-10-07T01:35:03.116949,TinyLlama_weighted_4_0,How do you say goodbye in English?,You are a helpful English teacher for beginner students. Answer with a paragraph only with plain text,"In the United States and the United Kingdom, it's not uncommon for people to say goodbye in the morning or evening with a handshake or a wave of the hand or a goodbye wave or a wave goodbye or by saying goodbye with a wave of the hand or a wave goodbye or by saying goodbye by handing the person a small hand-waved goodbye goodbye or by saying goodbye by handing the person a small wave goodbye or by saying goodbye by handing the person a small wave of the hand or by saying goodbye by handing the person a small wave of the hand or by handing the person a small wave of the hand or a small wave of the hand or a small wave goodbye or by handing the person a small wave goodbye or by handing the person a small wave of the hand or a small wave goodbye or by handing the person a small wave of the hand or a small",TinyLlama,TheBloke/TinyLlama-1.1B-Chat-v1.0-GGUF,True,False,P9,True,4.0,False,0.7,137.0373408794403,64.73,67.04,13.02,25.21,167,5,0.0,0.0,0.0,0.0,0.0,0.0,0,0,0,0,0,9.5,0.16,"In the United States and the United Kingdom, it's not uncommon for people to say goodbye in the morning or evening with a handshake or a wave of the hand or a goodbye wave or a wave goodbye or by saying goodbye with a wave of the hand or a wave goodbye or by saying goodbye by handing the person a small hand-waved goodbye goodbye or by saying goodbye by handing the person a small wave goodbye or by saying goodbye by handing the person a small wave of the hand or by saying goodbye by handing the person a small wave of the hand or by handing the person a small wave of the hand or a small wave of the hand or a small wave goodbye or by handing the person a small wave goodbye or by handing the person a small wave of the hand or a small wave goodbye or by handing the person a small wave of the hand or a small",,,
3217491c-b430-4c67-acc8-8e41202e4c46,2025-10-07T01:35:03.706830,TinyStories_weighted_1_5,How do you say goodbye in English?,You are a helpful English teacher for beginner students. Answer with a paragraph only with plain text,,TinyStories,roneneldan/TinyStories-33M,True,False,P9,True,1.5,False,0.7,0.41788816452026367,0.0,0.0,0.0,0.0,0,0,0.0,0.0,0.0,0.0,0.0,0.0,0,0,0,0,0,0.0,0.0,,,,
443addc6-7d24-4e81-98ab-135b5419c005,2025-10-07T01:35:03.826262,TinyStories_weighted_2_0,How do you say goodbye in English?,You are a helpful English teacher for beginner students. Answer with a paragraph only with plain text,,TinyStories,roneneldan/TinyStories-33M,True,False,P9,True,2.0,False,0.7,0.004139900207519531,0.0,0.0,0.0,0.0,0,0,0.0,0.0,0.0,0.0,0.0,0.0,0,0,0,0,0,0.0,0.0,,,,
067e4086-bb3e-44c6-9b5d-37de74696990,2025-10-07T01:35:03.974938,TinyStories_weighted_4_0,How do you say goodbye in English?,You are a helpful English teacher for beginner students. Answer with a paragraph only with plain text,,TinyStories,roneneldan/TinyStories-33M,True,False,P9,True,4.0,False,0.7,0.0021469593048095703,0.0,0.0,0.0,0.0,0,0,0.0,0.0,0.0,0.0,0.0,0.0,0,0,0,0,0,0.0,0.0,,,,
4802e283-7413-4999-9564-38ef04ff646e,2025-10-07T01:35:09.436014,Phi3_weighted_1_5,What is the weather like today?,You are a helpful English teacher for beginner students. Answer with a paragraph only with plain text,"As an English teacher, I can't provide real-time weather updates, but I can guide you on how to find the weather in your area. To learn about the weather today, you can look up the current weather conditions in your location by using a weather website or a weather app on your phone. These platforms usually display the temperature, humidity, precipitation, and wind speed. For example, you can visit a website like weather.com or use a weather app to get this information. Remember to ask a local person or search for your city's name on the internet for the most accurate and timely information.",Phi3,microsoft/Phi-3-mini-4k-instruct-gguf,True,False,P10,True,1.5,False,0.7,5.0685460567474365,9.78,12.32,12.16,5.35,104,23,0.0,0.0,0.0,0.0,0.0,0.0,0,0,0,0,0,7.26,0.12,"As an English teacher, I can't provide real-time weather updates, but I can guide you on how to find the weather in your area. To learn about the weather today, you can look up the current weather conditions in your location by using a weather website or a weather app on your phone. These platforms usually display the temperature, humidity, precipitation, and wind speed. For example, you can visit a website like weather.com or use a weather app to get this information. Remember to ask a local person or search for your city's name on the internet for the most accurate and timely information.",,,
9b346208-3aa5-4034-b110-833b6e3954e1,2025-10-07T01:35:13.395280,Phi3_weighted_2_0,What is the weather like today?,You are a helpful English teacher for beginner students. Answer with a paragraph only with plain text,"As an AI, I'm unable to provide real-time data. However, to answer your question about the weather in a general sense, you can find the current weather by checking a reliable weather forecasting service like the National Weather Service or a weather app on your smartphone. These services give you an overview of the day's weather, including temperature, precipitation, humidity, and wind conditions for your specific location. Remember to look for the day's forecast to get an accurate picture of the weather for today!",Phi3,microsoft/Phi-3-mini-4k-instruct-gguf,True,False,P10,True,2.0,False,0.7,3.770216226577759,12.83,15.54,15.25,5.95,84,21,0.0,0.0,0.0,0.0,0.0,0.0,0,0,0,0,0,6.42,0.11,"As an AI, I'm unable to provide real-time data. However, to answer your question about the weather in a general sense, you can find the current weather by checking a reliable weather forecasting service like the National Weather Service or a weather app on your smartphone. These services give you an overview of the day's weather, including temperature, precipitation, humidity, and wind conditions for your specific location. Remember to look for the day's forecast to get an accurate picture of the weather for today!",,,
e08c23ab-40eb-443b-9578-efbaf11f2171,2025-10-07T01:35:19.204688,Phi3_weighted_4_0,What is the weather like today?,You are a helpful English teacher for beginner students. Answer with a paragraph only with plain text,"As an AI, I can't provide the current weather for your specific location in real-time. However, to learn about the weather in your area, you can look it up on a reliable weather forecasting website or app like the National Weather Service or the Weather Channel in the United States or the BBC Weather in the United Kingdom. They give you the day's forecast which can tell you the temperature, chances of rain or sunshine, and the wind's speed and direction for your area today. To get a good start in your English-language learning, you can practice by describing the weather to a friend or family in a sentence like this: ""The weather today is sunny with a high of 22 degrees and a mild breeze from the west.""",Phi3,microsoft/Phi-3-mini-4k-instruct-gguf,True,False,P10,True,4.0,False,0.7,5.589159965515137,14.28,16.62,14.91,6.79,129,20,0.0,0.0,0.0,0.0,0.0,0.0,0,0,0,0,0,8.56,0.14,"As an AI, I can't provide the current weather for your specific location in real-time. However, to learn about the weather in your area, you can look it up on a reliable weather forecasting website or app like the National Weather Service or the Weather Channel in the United States or the BBC Weather in the United Kingdom. They give you the day's forecast which can tell you the temperature, chances of rain or sunshine, and the wind's speed and direction for your area today. To get a good start in your English-language learning, you can practice by describing the weather to a friend or family in a sentence like this: ""The weather today is sunny with a high of 22 degrees and a mild breeze from the west.""",,,
55ca32e0-0d70-4ea0-b8b7-89265e707c84,2025-10-07T01:35:21.663014,Qwen2_weighted_1_5,What is the weather like today?,You are a helpful English teacher for beginner students. Answer with a paragraph only with plain text,"I'm sorry, but I need more context to provide a specific answer. Could you please specify the location or the current time?",Qwen2,Qwen/Qwen2.5-0.5B-Instruct-GGUF,True,False,P10,True,1.5,False,0.7,2.3366029262542725,6.4,9.85,10.13,4.74,22,6,0.0,0.0,0.0,0.0,0.0,0.0,0,0,0,0,0,1.5,0.02,"I'm sorry, but I need more context to provide a specific answer. Could you please specify the location or the current time?",,,
d6c83d94-5fef-4cc0-acaa-29a95d21baaa,2025-10-07T01:35:22.070144,Qwen2_weighted_2_0,What is the weather like today?,You are a helpful English teacher for beginner students. Answer with a paragraph only with plain text,The weather today is partly cloudy with a high of 28°C.,Qwen2,Qwen/Qwen2.5-0.5B-Instruct-GGUF,True,False,P10,True,2.0,False,0.7,0.29207420349121094,4.79,4.4,3.13,2.39,11,0,0.0,0.0,0.0,0.0,0.0,0.0,0,0,0,0,0,0.66,0.01,The weather today is partly cloudy with a high of 28°C.,,,
b681984d-896b-4c6a-bcc0-11794c656ea9,2025-10-07T01:35:22.832538,Qwen2_weighted_4_0,What is the weather like today?,You are a helpful English teacher for beginner students. Answer with a paragraph only with plain text,"I'm sorry, but I'm currently unable to answer your question, as the information you provided, ""what's the weather like today? "" is incomplete. Please provide more details, and I will do my best to assist you.",Qwen2,Qwen/Qwen2.5-0.5B-Instruct-GGUF,True,False,P10,True,4.0,False,0.7,0.6438429355621338,9.44,12.71,12.16,5.27,35,8,0.0,0.0,0.0,0.0,0.0,0.0,0,0,0,0,0,2.54,0.04,"I'm sorry, but I'm currently unable to answer your question, as the information you provided, ""what's the weather like today? "" is incomplete. Please provide more details, and I will do my best to assist you.",,,
0c3d4214-e4f6-4ef6-a4e1-b0807ccc067c,2025-10-07T01:37:08.518422,Qwen3_weighted_1_5,What is the weather like today?,You are a helpful English teacher for beginner students. Answer with a paragraph only with plain text,"The weather today is sunny with little clouds, and it's a mild temperature. It's a great day to enjoy the sunshine! 🌞",Qwen3,ggml-org/Qwen3-0.6B-GGUF,True,False,P10,True,1.5,False,0.7,105.39222288131714,4.8,6.1,7.17,2.73,21,1,0.0,0.0,0.0,0.0,0.0,0.0,0,0,0,0,0,1.4,0.02,"The weather today is sunny with little clouds, and it's a mild temperature. It's a great day to enjoy the sunshine!",,,
e9568bad-063e-4091-851a-9a510da105a0,2025-10-07T01:38:51.167211,Qwen3_weighted_2_0,What is the weather like today?,You are a helpful English teacher for beginner students. Answer with a paragraph only with plain text,"<think>
Okay, the user is asking, ""What is the weather like today?"" So, I need to answer that. But first, I should check if there's any specific information needed. The user might be a beginner, so I need to make sure the answer is clear and helpful. The weather today depends on when today is. If today is a specific date, like today's date, we can mention that. But if today's date is not important, maybe mention that the weather can vary, so I can be helpful. Let me think of a possible answer. Maybe start by saying, ""I can't tell you the weather for today, but I can help you answer it. What's the date today? Let me know, and I can give you some helpful information. But if today's date is important, I can mention that. But I don't know, maybe. Let me know, and I'll answer. Wait, the user is asking, so maybe just say",Qwen3,ggml-org/Qwen3-0.6B-GGUF,True,False,P10,True,2.0,False,0.7,102.16722083091736,4.57,5.48,7.3,3.47,158,12,0.0,0.0,0.0,0.0,0.0,0.0,0,0,0,0,0,9.83,0.16,"<think> Okay, the user is asking, ""What is the weather like today?"" So, I need to answer that. But first, I should check if there's any specific information needed. The user might be a beginner, so I need to make sure the answer is clear and helpful. The weather today depends on when today is. If today is a specific date, like today's date, we can mention that. But if today's date is not important, maybe mention that the weather can vary, so I can be helpful. Let me think of a possible answer. Maybe start by saying, ""I can't tell you the weather for today, but I can help you answer it. What's the date today? Let me know, and I can give you some helpful information. But if today's date is important, I can mention that. But I don't know, maybe. Let me know, and I'll answer. Wait, the user is asking, so maybe just say",,,
a899ec91-c357-4a17-b737-76e6ad909ed1,2025-10-07T01:39:28.615811,Qwen3_weighted_4_0,What is the weather like today?,You are a helpful English teacher for beginner students. Answer with a paragraph only with plain text,"Today, the sky is clear, and there's a little rain. It",Qwen3,ggml-org/Qwen3-0.6B-GGUF,True,False,P10,True,4.0,False,0.7,37.03522729873657,2.65,4.4,3.13,2.39,11,0,0.0,0.0,0.0,0.0,0.0,0.0,0,0,0,0,0,0.65,0.01,"Today, the sky is clear, and there's a little rain. It",,,
6308aff3-6509-4c5f-9a5e-3ac6e2437f8a,2025-10-07T01:44:31.888345,SmolLM_weighted_1_5,What is the weather like today?,You are a helpful English teacher for beginner students. Answer with a paragraph only with plain text,,SmolLM,MaziyarPanahi/SmolLM-1.7B-Instruct-GGUF,True,False,P10,True,1.5,False,0.7,303.0694987773895,0.0,0.0,0.0,0.0,0,0,0.0,0.0,0.0,0.0,0.0,0.0,0,0,0,0,0,0.0,0.0,,,,
67bf055b-6367-4498-84e2-9921868a309a,2025-10-07T01:49:34.202488,SmolLM_weighted_2_0,What is the weather like today?,You are a helpful English teacher for beginner students. Answer with a paragraph only with plain text,,SmolLM,MaziyarPanahi/SmolLM-1.7B-Instruct-GGUF,True,False,P10,True,2.0,False,0.7,302.14405393600464,0.0,0.0,0.0,0.0,0,0,0.0,0.0,0.0,0.0,0.0,0.0,0,0,0,0,0,0.0,0.0,,,,
6987fdac-716d-44de-a79b-52337646900f,2025-10-07T01:54:38.572786,SmolLM_weighted_4_0,What is the weather like today?,You are a helpful English teacher for beginner students. Answer with a paragraph only with plain text,,SmolLM,MaziyarPanahi/SmolLM-1.7B-Instruct-GGUF,True,False,P10,True,4.0,False,0.7,304.19549679756165,0.0,0.0,0.0,0.0,0,0,0.0,0.0,0.0,0.0,0.0,0.0,0,0,0,0,0,0.0,0.0,,,,
af7a8bb4-c0f5-492c-b05c-4ff8da114f76,2025-10-07T01:56:34.712116,TinyLlama_weighted_1_5,What is the weather like today?,You are a helpful English teacher for beginner students. Answer with a paragraph only with plain text,"I do not have access to real-time weather data or information about the current weather in your area. However, to give you a general idea of what the weather may be like in your location, here's an example answer that may be helpful: in the area where you are located now, the weather is generally sunny and mild with temperatures ranging from the mid-60s to the low-80s (fahrenheit). This may change slightly from day to day or even hour to hour depending on the weather patterns in your area. But in general, you can expect mild weather with occasional showers or a few days of rain.",TinyLlama,TheBloke/TinyLlama-1.1B-Chat-v1.0-GGUF,True,False,P10,True,1.5,False,0.7,115.51426291465759,13.0,15.51,14.91,6.2,106,18,0.0,0.0,0.0,0.0,0.0,0.0,0,0,0,0,0,7.05,0.12,"I do not have access to real-time weather data or information about the current weather in your area. However, to give you a general idea of what the weather may be like in your location, here's an example answer that may be helpful: in the area where you are located now, the weather is generally sunny and mild with temperatures ranging from the mid-60s to the low-80s (fahrenheit). This may change slightly from day to day or even hour to hour depending on the weather patterns in your area. But in general, you can expect mild weather with occasional showers or a few days of rain.",,,
b0893078-d912-444f-aa5f-3cc7a53facda,2025-10-07T01:56:44.825413,TinyLlama_weighted_2_0,What is the weather like today?,You are a helpful English teacher for beginner students. Answer with a paragraph only with plain text,"I do not have access to the current weather in your location. However, the weather in the united states is typically mild and pleasant with a high of 22°c and a low of 18°c today.",TinyLlama,TheBloke/TinyLlama-1.1B-Chat-v1.0-GGUF,True,False,P10,True,2.0,False,0.7,9.9359769821167,7.75,9.29,11.21,4.29,35,4,0.0,0.0,0.0,0.0,0.0,0.0,0,0,0,0,0,2.13,0.04,"I do not have access to the current weather in your location. However, the weather in the united states is typically mild and pleasant with a high of 22°c and a low of 18°c today.",,,
fab15b0d-274d-48dd-8f1b-dca963a698b1,2025-10-07T01:58:43.957478,TinyLlama_weighted_4_0,What is the weather like today?,You are a helpful English teacher for beginner students. Answer with a paragraph only with plain text,The weather in the morning or the day after tomorrow in the city or in the surrounding region may be like this or like this or like this or like this or like this or like this or like this or like this or like this or like this or like this or like this or like this or like this or like this or like this or like this or like this or like this or like this or like this or like this or like this or like this or like this or like this or like this or like this or like this or like this or like this or like this or like this or like this or like this or like this or like this or like this or like this or like this or like this or like this or like this or like this or like this or like this or like this or like this or like this or like this or like this or like this or like this or like this or like this or like this or like this or like this or like this or like,TinyLlama,TheBloke/TinyLlama-1.1B-Chat-v1.0-GGUF,True,False,P10,True,4.0,False,0.7,118.716552734375,73.97,79.4,11.21,28.84,198,2,0.0,0.0,0.0,0.0,0.0,0.0,0,0,0,0,0,9.92,0.17,The weather in the morning or the day after tomorrow in the city or in the surrounding region may be like this or like this or like this or like this or like this or like this or like this or like this or like this or like this or like this or like this or like this or like this or like this or like this or like this or like this or like this or like this or like this or like this or like this or like this or like this or like this or like this or like this or like this or like this or like this or like this or like this or like this or like this or like this or like this or like this or like this or like this or like this or like this or like this or like this or like this or like this or like this or like this or like this or like this or like this or like this or like this or like this or like this or like this or like this or like this or like this or like,,,
2fdc74da-fa48-4800-9165-0d650fb1136d,2025-10-07T01:58:44.621994,TinyStories_weighted_1_5,What is the weather like today?,You are a helpful English teacher for beginner students. Answer with a paragraph only with plain text,,TinyStories,roneneldan/TinyStories-33M,True,False,P10,True,1.5,False,0.7,0.45169901847839355,0.0,0.0,0.0,0.0,0,0,0.0,0.0,0.0,0.0,0.0,0.0,0,0,0,0,0,0.0,0.0,,,,
067b2014-e6e4-406a-bd37-2b14b4c56504,2025-10-07T01:58:44.770054,TinyStories_weighted_2_0,What is the weather like today?,You are a helpful English teacher for beginner students. Answer with a paragraph only with plain text,,TinyStories,roneneldan/TinyStories-33M,True,False,P10,True,2.0,False,0.7,0.0026009082794189453,0.0,0.0,0.0,0.0,0,0,0.0,0.0,0.0,0.0,0.0,0.0,0,0,0,0,0,0.0,0.0,,,,
c57002ee-9bc0-41e8-91d4-d406c133af4f,2025-10-07T01:58:44.884067,TinyStories_weighted_4_0,What is the weather like today?,You are a helpful English teacher for beginner students. Answer with a paragraph only with plain text,,TinyStories,roneneldan/TinyStories-33M,True,False,P10,True,4.0,False,0.7,0.0021638870239257812,0.0,0.0,0.0,0.0,0,0,0.0,0.0,0.0,0.0,0.0,0.0,0,0,0,0,0,0.0,0.0,,,,
58352c00-f68c-480a-a2be-3dd918e5eaac,2025-10-07T01:58:51.010845,Phi3_weighted_1_5,What is a 'friend' is?,You are a helpful English teacher for beginner students. Answer with a paragraph only with plain text,"A 'friend' is a person with whom one has a close and personal relationship. Friends share common interests, enjoy each other's company, and provide support and companionship to one another. Friendships can be formed through shared experiences, mutual interests, or simply spending time together. Friends often trust and care for each other, and they can play a significant role in an individual's life, offering emotional and social support. It's important to remember that friendships can vary in depth and intensity, and what one person considers a friend may not be the same for someone else. However, the essence of a friendship lies in the bond and connection between two people who enjoy one another's presence and company.",Phi3,microsoft/Phi-3-mini-4k-instruct-gguf,True,False,P11,True,1.5,False,0.7,5.85831618309021,11.28,12.24,13.56,5.65,117,26,0.0,0.0,0.0,0.0,0.0,0.0,0,0,0,0,0,9.0,0.15,"A 'friend' is a person with whom one has a close and personal relationship. Friends share common interests, enjoy each other's company, and provide support and companionship to one another. Friendships can be formed through shared experiences, mutual interests, or simply spending time together. Friends often trust and care for each other, and they can play a significant role in an individual's life, offering emotional and social support. It's important to remember that friendships can vary in depth and intensity, and what one person considers a friend may not be the same for someone else. However, the essence of a friendship lies in the bond and connection between two people who enjoy one another's presence and company.",,,
e8710eef-1cf4-4a67-a4d7-46fa6a582cc0,2025-10-07T01:58:56.262275,Phi3_weighted_2_0,What is a 'friend' is?,You are a helpful English teacher for beginner students. Answer with a paragraph only with plain text,"A friend is a person with whom one has a close, supportive, and caring relationship. Friends often share common interests, enjoy spending time together, and can provide emotional and social support to one another. Friendships can be formed with people from school, work, or the community, and they can be an essential part of one's life, contributing to their happiness and well-being. Friends can be trusted, and they can be a source of comfort and encouragement in times of need. Remember that friendships can have different levels of intimacy and can be long-lasting or short-term, but they generally play an important role in our lives.",Phi3,microsoft/Phi-3-mini-4k-instruct-gguf,True,False,P11,True,2.0,False,0.7,4.845853805541992,11.03,12.59,13.66,5.68,105,23,0.0,0.0,0.0,0.0,0.0,0.0,0,0,0,0,0,7.87,0.13,"A friend is a person with whom one has a close, supportive, and caring relationship. Friends often share common interests, enjoy spending time together, and can provide emotional and social support to one another. Friendships can be formed with people from school, work, or the community, and they can be an essential part of one's life, contributing to their happiness and well-being. Friends can be trusted, and they can be a source of comfort and encouragement in times of need. Remember that friendships can have different levels of intimacy and can be long-lasting or short-term, but they generally play an important role in our lives.",,,
e102e616-7aa7-4904-8b43-65f164afe533,2025-10-07T01:59:00.607626,Phi3_weighted_4_0,What is a 'friend' is?,You are a helpful English teacher for beginner students. Answer with a paragraph only with plain text,"A friend is a person with whom one shares a close and supportive bond. Friends can be people we know from school, work, or our hobbies and interests. They are there to listen to our problems, share our joys and celebrations, and give and receive advice and help when needed. Friendship is a mutual and enduring relationship that brings people together and can be a very important part of our lives. Friends can be a source of love and support and can make our day-to-day experiences enjoyable and meaningful.",Phi3,microsoft/Phi-3-mini-4k-instruct-gguf,True,False,P11,True,4.0,False,0.7,3.982697010040283,9.12,11.16,11.6,4.8,89,15,0.0,0.0,0.0,0.0,0.0,0.0,0,0,0,0,0,6.17,0.1,"A friend is a person with whom one shares a close and supportive bond. Friends can be people we know from school, work, or our hobbies and interests. They are there to listen to our problems, share our joys and celebrations, and give and receive advice and help when needed. Friendship is a mutual and enduring relationship that brings people together and can be a very important part of our lives. Friends can be a source of love and support and can make our day-to-day experiences enjoyable and meaningful.",,,
2ee12b52-968a-4cd9-a820-171abcb7b66d,2025-10-07T01:59:14.240926,Qwen2_weighted_1_5,What is a 'friend' is?,You are a helpful English teacher for beginner students. Answer with a paragraph only with plain text,"A friend is a close, supportive, and loyal companion. They are individuals who are genuinely interested in you, who are available when you need them, and who are willing to share their time, skills, and experiences. Friends are people you can trust, love, and deeply admire, and they are a source of comfort, support, and encouragement. They are not just a partner, but also a mentor, a teacher, and a role model. Friends are the foundation of a healthy, supportive, and nurturing social network, and they are essential to the happiness and well-being of their members. Friends are often the first and most important people in someone's life, and they are a source of guidance, motivation, and encouragement.",Qwen2,Qwen/Qwen2.5-0.5B-Instruct-GGUF,True,False,P11,True,1.5,False,0.7,13.426417827606201,10.18,12.61,12.75,5.36,118,22,0.0,0.0,0.0,0.0,0.0,0.0,0,0,0,0,0,8.68,0.14,"A friend is a close, supportive, and loyal companion. They are individuals who are genuinely interested in you, who are available when you need them, and who are willing to share their time, skills, and experiences. Friends are people you can trust, love, and deeply admire, and they are a source of comfort, support, and encouragement. They are not just a partner, but also a mentor, a teacher, and a role model. Friends are the foundation of a healthy, supportive, and nurturing social network, and they are essential to the happiness and well-being of their members. Friends are often the first and most important people in someone's life, and they are a source of guidance, motivation, and encouragement.",,,
d4ccc825-2cfe-44dc-9845-40e22f3c4f2b,2025-10-07T01:59:15.958865,Qwen2_weighted_2_0,What is a 'friend' is?,You are a helpful English teacher for beginner students. Answer with a paragraph only with plain text,"A 'friend' is a person who, in a familial or familial context, is a close, supportive, and affectionate companion. This can include a family member, a close friend, a mentor, or a peer. Friends are typically defined by their actions, values, and shared experiences, and are seen as essential for maintaining social connections, emotional support, and a sense of belonging. They offer a support network, understanding, and emotional support, and can be a source of comfort, comfort, and, sometimes, companionship. Friends often share their lives, celebrate life's events, and, in many cases, offer a platform for personal growth and development.",Qwen2,Qwen/Qwen2.5-0.5B-Instruct-GGUF,True,False,P11,True,2.0,False,0.7,1.567478895187378,12.15,15.2,14.27,6.32,100,27,0.0,0.0,0.0,0.0,0.0,0.0,0,0,0,0,0,8.01,0.13,"A 'friend' is a person who, in a familial or familial context, is a close, supportive, and affectionate companion. This can include a family member, a close friend, a mentor, or a peer. Friends are typically defined by their actions, values, and shared experiences, and are seen as essential for maintaining social connections, emotional support, and a sense of belonging. They offer a support network, understanding, and emotional support, and can be a source of comfort, comfort, and, sometimes, companionship. Friends often share their lives, celebrate life's events, and, in many cases, offer a platform for personal growth and development.",,,
ef5bbb44-786b-412b-852d-89bfb9dbde94,2025-10-07T01:59:18.712254,Qwen2_weighted_4_0,What is a 'friend' is?,You are a helpful English teacher for beginner students. Answer with a paragraph only with plain text,"A friend, in the context of a beginner's English classroom, is an individual who is trusted, respected, and, in many cases, shared. A friend is someone who, like a trusted, respected, and, in many cases, shared, friend, can, in the English, teach, the English, to, a, beginner, English, student, a, beginner, English, student, a, beginner, English, student, a, beginner, English, student, a, beginner, English, student, a, beginner, English, student, a, beginner, English, student, a, beginner, English, student, a, beginner, English, student, a, beginner, English, student, a, beginner, English, student, a, beginner, English, student, a, beginner, English, student, a, beginner, English, student, a, beginner, English, student, a, beginner, English, student, a, beginner, English, student",Qwen2,Qwen/Qwen2.5-0.5B-Instruct-GGUF,True,False,P11,True,4.0,False,0.7,2.6368439197540283,27.64,30.03,21.64,12.08,113,8,0.0,0.0,0.0,0.0,0.0,0.0,0,0,0,0,0,9.96,0.17,"A friend, in the context of a beginner's English classroom, is an individual who is trusted, respected, and, in many cases, shared. A friend is someone who, like a trusted, respected, and, in many cases, shared, friend, can, in the English, teach, the English, to, a, beginner, English, student, a, beginner, English, student, a, beginner, English, student, a, beginner, English, student, a, beginner, English, student, a, beginner, English, student, a, beginner, English, student, a, beginner, English, student, a, beginner, English, student, a, beginner, English, student, a, beginner, English, student, a, beginner, English, student, a, beginner, English, student, a, beginner, English, student, a, beginner, English, student, a, beginner, English, student, a, beginner, English, student",,,
53f0bfb3-0693-4942-8f21-d08267709a1b,2025-10-07T02:01:15.946314,Qwen3_weighted_1_5,What is a 'friend' is?,You are a helpful English teacher for beginner students. Answer with a paragraph only with plain text,"A ""friend"" is someone who shares a good time with you, supports you, and is there for you, regardless of whether they are close or not. Friends are people who connect with you, share",Qwen3,ggml-org/Qwen3-0.6B-GGUF,True,False,P11,True,1.5,False,0.7,117.01205563545227,5.27,7.98,7.17,3.99,34,3,0.0,0.0,0.0,0.0,0.0,0.0,0,0,0,0,0,2.19,0.04,"A ""friend"" is someone who shares a good time with you, supports you, and is there for you, regardless of whether they are close or not. Friends are people who connect with you, share",,,
74bf558b-1937-4df2-976c-a0f09e37bfc9,2025-10-07T02:02:37.930318,Qwen3_weighted_2_0,What is a 'friend' is?,You are a helpful English teacher for beginner students. Answer with a paragraph only with plain text,"A ""friend"" is a person you consider important, like family or friends, who shares time, support, and can be close. Friends can be people you know, like family, or just people you connect with. In some contexts, a friend might refer to a close relationship, while in others, it could be a general term. The definition depends on the relationship",Qwen3,ggml-org/Qwen3-0.6B-GGUF,True,False,P11,True,2.0,False,0.7,81.39939522743225,7.57,8.67,11.21,4.24,60,8,0.0,0.0,0.0,0.0,0.0,0.0,0,0,0,0,0,4.19,0.07,"A ""friend"" is a person you consider important, like family or friends, who shares time, support, and can be close. Friends can be people you know, like family, or just people you connect with. In some contexts, a friend might refer to a close relationship, while in others, it could be a general term. The definition depends on the relationship",,,
48d33975-106b-4cb9-b9e0-e173facc8466,2025-10-07T02:03:16.432634,Qwen3_weighted_4_0,What is a 'friend' is?,You are a helpful English teacher for beginner students. Answer with a paragraph only with plain text,"A ""friend"" is a relationship, similar to a family, where people support, share experiences, and provide emotional support. Friends can be close,",Qwen3,ggml-org/Qwen3-0.6B-GGUF,True,False,P11,True,4.0,False,0.7,38.12330079078674,10.15,11.67,12.16,5.13,22,6,0.0,0.0,0.0,0.0,0.0,0.0,0,0,0,0,0,1.81,0.03,"A ""friend"" is a relationship, similar to a family, where people support, share experiences, and provide emotional support. Friends can be close,",,,
3a4373e5-1bef-43e4-ad86-062df418af44,2025-10-07T02:06:37.336152,SmolLM_weighted_1_5,What is a 'friend' is?,You are a helpful English teacher for beginner students. Answer with a paragraph only with plain text,"A 'friend' in the context of mathematics is a non-singular, invertible, and singular matrix. This definition is inspired by the concept of friendship, where two individuals are considered friends if they are not enemies, enemies if they are enemies, and enemies if they are friends.",SmolLM,MaziyarPanahi/SmolLM-1.7B-Instruct-GGUF,True,False,P11,True,1.5,False,0.7,200.63717222213745,13.64,19.67,17.12,6.88,45,12,0.0,0.0,0.0,0.0,0.0,0.0,0,0,0,0,0,3.5,0.06,"A 'friend' in the context of mathematics is a non-singular, invertible, and singular matrix. This definition is inspired by the concept of friendship, where two individuals are considered friends if they are not enemies, enemies if they are enemies, and enemies if they are friends.",,,
ad21a579-63fe-4033-9f3c-9195fec155ee,2025-10-07T02:11:44.469907,SmolLM_weighted_2_0,What is a 'friend' is?,You are a helpful English teacher for beginner students. Answer with a paragraph only with plain text,,SmolLM,MaziyarPanahi/SmolLM-1.7B-Instruct-GGUF,True,False,P11,True,2.0,False,0.7,306.9400908946991,0.0,0.0,0.0,0.0,0,0,0.0,0.0,0.0,0.0,0.0,0.0,0,0,0,0,0,0.0,0.0,,,,
47772594-13ef-47b1-af23-7fb888973713,2025-10-07T02:16:44.977219,SmolLM_weighted_4_0,What is a 'friend' is?,You are a helpful English teacher for beginner students. Answer with a paragraph only with plain text,,SmolLM,MaziyarPanahi/SmolLM-1.7B-Instruct-GGUF,True,False,P11,True,4.0,False,0.7,300.2470679283142,0.0,0.0,0.0,0.0,0,0,0.0,0.0,0.0,0.0,0.0,0.0,0,0,0,0,0,0.0,0.0,,,,
15f9d933-8ed1-4c3b-a55f-0138546faecf,2025-10-07T02:17:27.889858,TinyLlama_weighted_1_5,What is a 'friend' is?,You are a helpful English teacher for beginner students. Answer with a paragraph only with plain text,"In English, a friend is a person who you can talk to about anything and who you have a good relationship with. They may be a friend of a friend or a friend of a friend. The word 'friend' can also be used to refer to a close friend or a close friend of a friend. A friend can be a person you see or talk to regularly or a person who you know well from childhood or from your school or college. A good friend can be someone who you can talk to about anything and who you have a good relationship with.",TinyLlama,TheBloke/TinyLlama-1.1B-Chat-v1.0-GGUF,True,False,P11,True,1.5,False,0.7,42.3059618473053,7.05,9.47,8.84,4.1,104,3,0.0,0.0,0.0,0.0,0.0,0.0,0,0,0,0,0,5.82,0.1,"In English, a friend is a person who you can talk to about anything and who you have a good relationship with. They may be a friend of a friend or a friend of a friend. The word 'friend' can also be used to refer to a close friend or a close friend of a friend. A friend can be a person you see or talk to regularly or a person who you know well from childhood or from your school or college. A good friend can be someone who you can talk to about anything and who you have a good relationship with.",,,
f90548ed-8e69-47a4-b88e-ab7817d9761d,2025-10-07T02:21:11.534857,TinyLlama_weighted_2_0,What is a 'friend' is?,You are a helpful English teacher for beginner students. Answer with a paragraph only with plain text,"A friend is a person who you know and have close and personal relationships with. They may be a person who you have known for a long time or a new person who you have only just met. A friend can be a family member, a friend from school or work, or a friend from a friend's social circle. Friends can share many things with each other and have many activities and interests in common, but they may not be romantic partners or family.",TinyLlama,TheBloke/TinyLlama-1.1B-Chat-v1.0-GGUF,True,False,P11,True,2.0,False,0.7,222.8600776195526,8.19,10.3,10.13,4.62,84,8,0.0,0.0,0.0,0.0,0.0,0.0,0,0,0,0,0,5.13,0.09,"A friend is a person who you know and have close and personal relationships with. They may be a person who you have known for a long time or a new person who you have only just met. A friend can be a family member, a friend from school or work, or a friend from a friend's social circle. Friends can share many things with each other and have many activities and interests in common, but they may not be romantic partners or family.",,,
b449a981-e365-4add-afbb-9b49a871e2e2,2025-10-07T02:22:18.221965,TinyLlama_weighted_4_0,What is a 'friend' is?,You are a helpful English teacher for beginner students. Answer with a paragraph only with plain text,'Friend' in the context of this sentence can be a person with whom you can be close and have a good relationship with for a long-term or a short-term basis. - A friend of mine who lives in my home-town and we see each other very rarely but we have a good and long-term friendship. - I have a good friend who lives in the same apartment-complex with me and we see each other a lot but we have a good and long-term friendship. - I have a good friend who lives in the same apartment-complex with me and we see each other a lot but we have a good and short-term friendship. - I have a good friend who lives in the same apartment-complex with me and we see each other a lot but we have a good and short-term friendship. - I have a good friend who lives in the same apartment-complex,TinyLlama,TheBloke/TinyLlama-1.1B-Chat-v1.0-GGUF,True,False,P11,True,4.0,False,0.7,66.3359911441803,8.75,11.28,8.34,5.21,149,8,0.0,0.0,0.0,0.0,0.0,0.0,0,0,0,0,0,9.17,0.15,'Friend' in the context of this sentence can be a person with whom you can be close and have a good relationship with for a long-term or a short-term basis. - A friend of mine who lives in my home-town and we see each other very rarely but we have a good and long-term friendship. - I have a good friend who lives in the same apartment-complex with me and we see each other a lot but we have a good and long-term friendship. - I have a good friend who lives in the same apartment-complex with me and we see each other a lot but we have a good and short-term friendship. - I have a good friend who lives in the same apartment-complex with me and we see each other a lot but we have a good and short-term friendship. - I have a good friend who lives in the same apartment-complex,,,
6734545b-ebdc-4d16-8ee8-273c01de8ff3,2025-10-07T02:22:18.880687,TinyStories_weighted_1_5,What is a 'friend' is?,You are a helpful English teacher for beginner students. Answer with a paragraph only with plain text,,TinyStories,roneneldan/TinyStories-33M,True,False,P11,True,1.5,False,0.7,0.5208678245544434,0.0,0.0,0.0,0.0,0,0,0.0,0.0,0.0,0.0,0.0,0.0,0,0,0,0,0,0.0,0.0,,,,
5e30a96d-4da0-4f21-b4f7-ab8bc5b9ce64,2025-10-07T02:22:18.998888,TinyStories_weighted_2_0,What is a 'friend' is?,You are a helpful English teacher for beginner students. Answer with a paragraph only with plain text,,TinyStories,roneneldan/TinyStories-33M,True,False,P11,True,2.0,False,0.7,0.006801128387451172,0.0,0.0,0.0,0.0,0,0,0.0,0.0,0.0,0.0,0.0,0.0,0,0,0,0,0,0.0,0.0,,,,
74c30584-fa0a-476c-a248-70d325984f91,2025-10-07T02:22:19.115869,TinyStories_weighted_4_0,What is a 'friend' is?,You are a helpful English teacher for beginner students. Answer with a paragraph only with plain text,,TinyStories,roneneldan/TinyStories-33M,True,False,P11,True,4.0,False,0.7,0.005383968353271484,0.0,0.0,0.0,0.0,0,0,0.0,0.0,0.0,0.0,0.0,0.0,0,0,0,0,0,0.0,0.0,,,,
9e987d73-7e29-4200-858b-c10cd6867d91,2025-10-07T02:22:24.165241,Phi3_weighted_1_5,What do you do at school?,You are a helpful English teacher for beginner students. Answer with a paragraph only with plain text,"At school, we engage in a variety of activities that help us learn and grow. We have a structured schedule that typically includes different subjects like mathematics, language arts, science, and social studies. During these lessons, we learn new concepts and skills from our teachers. Additionally, we have recess and lunchtime to take a break, play with our friends, and enjoy some food. We also participate in extracurricular activities like sports, clubs, or music, which help us to develop our interests and hobbies. Overall, school is a place where we learn, socialize, and make memories with our classmates.",Phi3,microsoft/Phi-3-mini-4k-instruct-gguf,True,False,P12,True,1.5,False,0.7,4.814900875091553,9.92,11.43,11.54,5.51,98,26,0.0,0.0,0.0,0.0,0.0,0.0,0,0,0,0,0,7.59,0.13,"At school, we engage in a variety of activities that help us learn and grow. We have a structured schedule that typically includes different subjects like mathematics, language arts, science, and social studies. During these lessons, we learn new concepts and skills from our teachers. Additionally, we have recess and lunchtime to take a break, play with our friends, and enjoy some food. We also participate in extracurricular activities like sports, clubs, or music, which help us to develop our interests and hobbies. Overall, school is a place where we learn, socialize, and make memories with our classmates.",,,
ad5bba27-c1a0-455a-a0e6-82c407c07bfa,2025-10-07T02:22:29.306228,Phi3_weighted_2_0,What do you do at school?,You are a helpful English teacher for beginner students. Answer with a paragraph only with plain text,"At school, students engage in various activities that aid in their learning and development. They attend different classes where they learn a range of subjects, including mathematics, science, language arts, and social studies. In these classes, they listen to their teachers, participate in discussions, complete assignments, and take tests to demonstrate their understanding of the material. Additionally, schools provide opportunities for extracurricular activities like sports, music, and art, which help to foster teamwork, creativity, and personal growth. Schools also have facilities like libraries and computer labs for students to enhance their research and technological skills. Overall, school is a place where students learn, grow, and prepare for their future.",Phi3,microsoft/Phi-3-mini-4k-instruct-gguf,True,False,P12,True,2.0,False,0.7,4.948859930038452,13.04,15.34,14.31,6.64,109,37,0.0,0.0,0.0,0.0,0.0,0.0,0,0,0,0,0,9.77,0.16,"At school, students engage in various activities that aid in their learning and development. They attend different classes where they learn a range of subjects, including mathematics, science, language arts, and social studies. In these classes, they listen to their teachers, participate in discussions, complete assignments, and take tests to demonstrate their understanding of the material. Additionally, schools provide opportunities for extracurricular activities like sports, music, and art, which help to foster teamwork, creativity, and personal growth. Schools also have facilities like libraries and computer labs for students to enhance their research and technological skills. Overall, school is a place where students learn, grow, and prepare for their future.",,,
d9de3f4f-fc13-42c2-8d2c-0083e37c8eeb,2025-10-07T02:22:35.044789,Phi3_weighted_4_0,What do you do at school?,You are a helpful English teacher for beginner students. Answer with a paragraph only with plain text,"At school, students engage in a variety of activities that cater to their learning and development. During the day, they attend lessons in different subjects like mathematics, science, and language arts to learn and practice essential concepts and skills. They have the opportunity to ask questions and get help from their teachers and peers to better understand the material. Additionally, they may participate in physical education for a well-rounded lifestyle and take part in extracurricular activities like music or sports to explore their interests and hobbies. Schools also have a structured environment where they learn about manners and social interactions to develop their social and emotional well-being. Overall, the school aims to provide a holistic and balanced education that caters to the diverse needs of the students.",Phi3,microsoft/Phi-3-mini-4k-instruct-gguf,True,False,P12,True,4.0,False,0.7,5.513715028762817,13.57,15.4,14.55,6.94,127,42,0.0,0.0,0.0,0.0,0.0,0.0,0,0,0,0,0,10.42,0.17,"At school, students engage in a variety of activities that cater to their learning and development. During the day, they attend lessons in different subjects like mathematics, science, and language arts to learn and practice essential concepts and skills. They have the opportunity to ask questions and get help from their teachers and peers to better understand the material. Additionally, they may participate in physical education for a well-rounded lifestyle and take part in extracurricular activities like music or sports to explore their interests and hobbies. Schools also have a structured environment where they learn about manners and social interactions to develop their social and emotional well-being. Overall, the school aims to provide a holistic and balanced education that caters to the diverse needs of the students.",,,
05391b55-4993-4194-b84c-a8339a726145,2025-10-07T02:22:37.844636,Qwen2_weighted_1_5,What do you do at school?,You are a helpful English teacher for beginner students. Answer with a paragraph only with plain text,"At school, I do my best to maintain a positive and productive learning environment. I actively participate in class discussions, debates, and discussions, and I work hard to make the most of the time. I also try to take part in school activities, such as sports, music, and art, which help me develop my skills and interests. I also strive to be a good helper, by taking care of my studies, maintaining my personal hygiene, and making sure I am respectful to everyone around me.",Qwen2,Qwen/Qwen2.5-0.5B-Instruct-GGUF,True,False,P12,True,1.5,False,0.7,2.6586718559265137,10.33,14.15,13.43,5.66,85,17,0.0,0.0,0.0,0.0,0.0,0.0,0,0,0,0,0,5.79,0.1,"At school, I do my best to maintain a positive and productive learning environment. I actively participate in class discussions, debates, and discussions, and I work hard to make the most of the time. I also try to take part in school activities, such as sports, music, and art, which help me develop my skills and interests. I also strive to be a good helper, by taking care of my studies, maintaining my personal hygiene, and making sure I am respectful to everyone around me.",,,
d7a364b5-5789-4412-8904-3471567414bb,2025-10-07T02:22:39.319242,Qwen2_weighted_2_0,What do you do at school?,You are a helpful English teacher for beginner students. Answer with a paragraph only with plain text,"At school, students are expected to engage in various activities and activities. They may participate in games, sports, or other physical activities. They might also engage in academic activities, such as reading, writing, and completing assignments. In addition, students are expected to learn the skills of communication, such as speaking, writing, and listening. They may also participate in extracurricular activities, such as clubs, sports, or music. Finally, students are expected to be responsible, such as following rules, paying attention to class, and maintaining a clean and tidy classroom.",Qwen2,Qwen/Qwen2.5-0.5B-Instruct-GGUF,True,False,P12,True,2.0,False,0.7,1.3411288261413574,12.39,15.41,14.55,5.74,88,19,0.0,0.0,0.0,0.0,0.0,0.0,0,0,0,0,0,7.55,0.13,"At school, students are expected to engage in various activities and activities. They may participate in games, sports, or other physical activities. They might also engage in academic activities, such as reading, writing, and completing assignments. In addition, students are expected to learn the skills of communication, such as speaking, writing, and listening. They may also participate in extracurricular activities, such as clubs, sports, or music. Finally, students are expected to be responsible, such as following rules, paying attention to class, and maintaining a clean and tidy classroom.",,,
9d5d822d-f06c-48e2-9961-f61139004346,2025-10-07T02:22:40.329519,Qwen2_weighted_4_0,What do you do at school?,You are a helpful English teacher for beginner students. Answer with a paragraph only with plain text,"I, as an AI, am not a person, but a computer program. I am designed to help, educate, and assist users. I am programmed to provide information, answer questions, perform tasks, and, if requested, assist with tasks. I am, in essence, a tool.",Qwen2,Qwen/Qwen2.5-0.5B-Instruct-GGUF,True,False,P12,True,4.0,False,0.7,0.8520162105560303,6.17,8.02,8.84,5.15,43,13,0.0,0.0,0.0,0.0,0.0,0.0,0,0,0,0,0,2.91,0.05,"I, as an AI, am not a person, but a computer program. I am designed to help, educate, and assist users. I am programmed to provide information, answer questions, perform tasks, and, if requested, assist with tasks. I am, in essence, a tool.",,,
3613f6bb-3f9e-4ee7-b509-5f1cbc89dc83,2025-10-07T02:23:02.856888,Qwen3_weighted_1_5,What do you do at school?,You are a helpful English teacher for beginner students. Answer with a paragraph only with plain text,"At school, I’m here to help! We learn, play, and work together in various activities. Learning is a big part, and school is a place where we grow. Sometimes, we play games, work on projects, or study. It’s all fun and educational! 😊",Qwen3,ggml-org/Qwen3-0.6B-GGUF,True,False,P12,True,1.5,False,0.7,22.373209714889526,3.7,6.22,8.24,3.05,42,5,0.0,0.0,0.0,0.0,0.0,0.0,0,0,0,0,0,2.78,0.05,"At school, I’m here to help! We learn, play, and work together in various activities. Learning is a big part, and school is a place where we grow. Sometimes, we play games, work on projects, or study. It’s all fun and educational!",,,
e8daa611-e86b-4a83-94f0-3f4ea35de7b2,2025-10-07T02:23:32.245328,Qwen3_weighted_2_0,What do you do at school?,You are a helpful English teacher for beginner students. Answer with a paragraph only with plain text,"At school, the main activities include reading, writing, and class work. Students also engage in group projects, sports, and extracurriculars like music or art. The atmosphere is filled with learning and creativity, making school a joyful place for everyone.",Qwen3,ggml-org/Qwen3-0.6B-GGUF,True,False,P12,True,2.0,False,0.7,29.221270084381104,9.15,9.3,10.5,4.66,39,9,0.0,0.0,0.0,0.0,0.0,0.0,0,0,0,0,0,3.23,0.05,"At school, the main activities include reading, writing, and class work. Students also engage in group projects, sports, and extracurriculars like music or art. The atmosphere is filled with learning and creativity, making school a joyful place for everyone.",,,
490059bf-2789-4dd6-8b26-9b8e33f6f97f,2025-10-07T02:24:32.587264,Qwen3_weighted_4_0,What do you do at school?,You are a helpful English teacher for beginner students. Answer with a paragraph only with plain text,As,Qwen3,ggml-org/Qwen3-0.6B-GGUF,True,False,P12,True,4.0,False,0.7,60.13962411880493,-3.4,0.4,3.13,0.98,1,0,0.0,0.0,0.0,0.0,0.0,0.0,0,0,0,0,0,0.03,0.0,As,,,
e71f71e9-889b-44b5-b1e7-df9925657fa6,2025-10-07T02:29:32.766874,SmolLM_weighted_1_5,What do you do at school?,You are a helpful English teacher for beginner students. Answer with a paragraph only with plain text,,SmolLM,MaziyarPanahi/SmolLM-1.7B-Instruct-GGUF,True,False,P12,True,1.5,False,0.7,300.0193610191345,0.0,0.0,0.0,0.0,0,0,0.0,0.0,0.0,0.0,0.0,0.0,0,0,0,0,0,0.0,0.0,,,,
c0689344-dae7-489d-a50e-3712780eeec5,2025-10-07T02:34:33.655741,SmolLM_weighted_2_0,What do you do at school?,You are a helpful English teacher for beginner students. Answer with a paragraph only with plain text,,SmolLM,MaziyarPanahi/SmolLM-1.7B-Instruct-GGUF,True,False,P12,True,2.0,False,0.7,300.7211000919342,0.0,0.0,0.0,0.0,0,0,0.0,0.0,0.0,0.0,0.0,0.0,0,0,0,0,0,0.0,0.0,,,,
f994a366-81d0-4581-9333-ae1818df88b1,2025-10-07T02:37:33.596645,SmolLM_weighted_4_0,What do you do at school?,You are a helpful English teacher for beginner students. Answer with a paragraph only with plain text,"At school, we learn about different subjects, such as math, science, history, and English. We also participate in extracurricular activities, such as sports, music, and art. We learn about important topics, such as math, science, and history. We also learn about how to be a good citizen.",SmolLM,MaziyarPanahi/SmolLM-1.7B-Instruct-GGUF,True,False,P12,True,4.0,False,0.7,179.7292709350586,8.83,7.25,11.21,3.78,47,6,0.0,0.0,0.0,0.0,0.0,0.0,0,0,0,0,0,3.55,0.06,"At school, we learn about different subjects, such as math, science, history, and English. We also participate in extracurricular activities, such as sports, music, and art. We learn about important topics, such as math, science, and history. We also learn about how to be a good citizen.",,,
e38a7fc7-678f-4134-9cce-de12f95efa4f,2025-10-07T02:37:54.627371,TinyLlama_weighted_1_5,What do you do at school?,You are a helpful English teacher for beginner students. Answer with a paragraph only with plain text,"As a teacher of English to children, I provide a structured and engaging learning experience that helps students learn and develop the skills they need to become successful and happy learners and productive members of society. I use a variety of teaching methods, including classroom activities, discussions, role-playing, and interactive games, to make sure that my students learn at their own pace and in a way that is both fun and educational. In addition to classroom instruction, I also offer tutoring and homework help to students who need additional support. Overall, my goal is to help my students become confident, well-rounded learners who are equipped with the skills and knowledge they need to succeed in their academic and personal lives.",TinyLlama,TheBloke/TinyLlama-1.1B-Chat-v1.0-GGUF,True,False,P12,True,1.5,False,0.7,20.546768188476562,15.78,19.33,16.53,7.86,120,35,0.0,0.0,0.0,0.0,0.0,0.0,0,0,0,0,0,9.28,0.15,"As a teacher of English to children, I provide a structured and engaging learning experience that helps students learn and develop the skills they need to become successful and happy learners and productive members of society. I use a variety of teaching methods, including classroom activities, discussions, role-playing, and interactive games, to make sure that my students learn at their own pace and in a way that is both fun and educational. In addition to classroom instruction, I also offer tutoring and homework help to students who need additional support. Overall, my goal is to help my students become confident, well-rounded learners who are equipped with the skills and knowledge they need to succeed in their academic and personal lives.",,,
a024b256-a859-4f94-a018-d5428dc651fc,2025-10-07T02:38:07.213910,TinyLlama_weighted_2_0,What do you do at school?,You are a helpful English teacher for beginner students. Answer with a paragraph only with plain text,"As a helpful English teacher for beginner students, my job is to provide them with the basics of the English language and to help them understand it better. I do this by providing lessons on grammar, sentence structure, vocabulary, pronunciation, and sentence structure. I also help them with their writing skills by providing them with writing activities and feedback on their work. Additionally, I run a small classroom where they can practice their pronunciation and get to know their classmates. Overall, my job is to make their English learning experience enjoyable and enjoyable for them!",TinyLlama,TheBloke/TinyLlama-1.1B-Chat-v1.0-GGUF,True,False,P12,True,2.0,False,0.7,12.24559473991394,11.32,12.65,12.34,5.6,95,19,0.0,0.0,0.0,0.0,0.0,0.0,0,0,0,0,0,7.34,0.12,"As a helpful English teacher for beginner students, my job is to provide them with the basics of the English language and to help them understand it better. I do this by providing lessons on grammar, sentence structure, vocabulary, pronunciation, and sentence structure. I also help them with their writing skills by providing them with writing activities and feedback on their work. Additionally, I run a small classroom where they can practice their pronunciation and get to know their classmates. Overall, my job is to make their English learning experience enjoyable and enjoyable for them!",,,
fc435440-b8ef-4428-99c2-de199d0060eb,2025-10-07T02:39:17.805561,TinyLlama_weighted_4_0,What do you do at school?,You are a helpful English teacher for beginner students. Answer with a paragraph only with plain text,"I do not have a classroom or school-related responsibilities like a teacher or a classroom teacher do. However, in my line of work, my job and my personality have a great number of similarities to my schooling and school-related responsibilities. during my schooling and school-related responsibilities, I would have been a helpful and supportive teacher for a class of a small number of students with a good number of them in my school or school-related classroom or school-related classroom teacher's classroom or school-related classroom teacher's classroom or school-related classroom teacher's classroom or school-related classroom teacher's classroom or school-related classroom teacher's classroom or school-related classroom teacher's classroom or school-related classroom teacher's classroom or school-related classroom teacher's classroom or school-related",TinyLlama,TheBloke/TinyLlama-1.1B-Chat-v1.0-GGUF,True,False,P12,True,4.0,False,0.7,70.25276589393616,21.95,22.17,17.88,8.57,118,8,0.0,0.0,0.0,0.0,0.0,0.0,0,0,0,0,0,11.0,0.18,"I do not have a classroom or school-related responsibilities like a teacher or a classroom teacher do. However, in my line of work, my job and my personality have a great number of similarities to my schooling and school-related responsibilities. during my schooling and school-related responsibilities, I would have been a helpful and supportive teacher for a class of a small number of students with a good number of them in my school or school-related classroom or school-related classroom teacher's classroom or school-related classroom teacher's classroom or school-related classroom teacher's classroom or school-related classroom teacher's classroom or school-related classroom teacher's classroom or school-related classroom teacher's classroom or school-related classroom teacher's classroom or school-related classroom teacher's classroom or school-related",,,
739346ac-cee8-44bd-8c41-6f706c88b339,2025-10-07T02:39:18.341999,TinyStories_weighted_1_5,What do you do at school?,You are a helpful English teacher for beginner students. Answer with a paragraph only with plain text,,TinyStories,roneneldan/TinyStories-33M,True,False,P12,True,1.5,False,0.7,0.39629697799682617,0.0,0.0,0.0,0.0,0,0,0.0,0.0,0.0,0.0,0.0,0.0,0,0,0,0,0,0.0,0.0,,,,
9331c1c1-ca2d-41ed-8737-ad7041ce5edb,2025-10-07T02:39:18.457015,TinyStories_weighted_2_0,What do you do at school?,You are a helpful English teacher for beginner students. Answer with a paragraph only with plain text,,TinyStories,roneneldan/TinyStories-33M,True,False,P12,True,2.0,False,0.7,0.0012211799621582031,0.0,0.0,0.0,0.0,0,0,0.0,0.0,0.0,0.0,0.0,0.0,0,0,0,0,0,0.0,0.0,,,,
2783a4d2-068a-458d-9be6-e24c76364aed,2025-10-07T02:39:18.567914,TinyStories_weighted_4_0,What do you do at school?,You are a helpful English teacher for beginner students. Answer with a paragraph only with plain text,,TinyStories,roneneldan/TinyStories-33M,True,False,P12,True,4.0,False,0.7,0.00234222412109375,0.0,0.0,0.0,0.0,0,0,0.0,0.0,0.0,0.0,0.0,0.0,0,0,0,0,0,0.0,0.0,,,,
5860f315-fa72-4fcd-9c49-b0db309b1c44,2025-10-07T02:39:24.007758,Phi3_weighted_1_5,What is the difference between 'hot' and 'cold'?,You are a helpful English teacher for beginner students. Answer with a paragraph only with plain text,"The difference between 'hot' and 'cold' refers to the temperature of an object or environment. 'Hot' describes a high temperature that can make things feel warm or even cause burns. It's the opposite of 'cold,' which signifies a lower temperature that can make things feel chilly or freeze them. These terms are relative and can vary based on individual perception and the context in which they're used. For example, water may be considered 'hot' or 'cold' depending on one's personal preference or the surrounding environment. In scientific terms, hot and cold are not absolute but rather relative to the temperature of the surroundings or the body's perception.",Phi3,microsoft/Phi-3-mini-4k-instruct-gguf,True,False,P13,True,1.5,False,0.7,5.221829891204834,10.11,15.36,14.31,5.68,107,23,0.0,0.0,0.0,0.0,0.0,0.0,0,0,0,0,0,8.18,0.14,"The difference between 'hot' and 'cold' refers to the temperature of an object or environment. 'Hot' describes a high temperature that can make things feel warm or even cause burns. It's the opposite of 'cold,' which signifies a lower temperature that can make things feel chilly or freeze them. These terms are relative and can vary based on individual perception and the context in which they're used. For example, water may be considered 'hot' or 'cold' depending on one's personal preference or the surrounding environment. In scientific terms, hot and cold are not absolute but rather relative to the temperature of the surroundings or the body's perception.",,,
9f7fb2bb-ffc6-4f9a-9682-d1aabf11c170,2025-10-07T02:39:30.324338,Phi3_weighted_2_0,What is the difference between 'hot' and 'cold'?,You are a helpful English teacher for beginner students. Answer with a paragraph only with plain text,"The difference between ""hot"" and ""cold"" is the level of temperature they describe. ""Hot"" refers to a high temperature that can be uncomfortable or cause a sensation of heat on the skin. It can be associated with food or drinks that are heated and can cause a burning sensation, like a cup of hot chocolate or a slice of pizza straight from the oven. On the other hand, ""cold"" describes a low temperature that can cause a sensation of chilliness on the skin. It can be related to food or drinks that have been chilled or served cold, like ice cream or a glass of iced lemonade. In general, the terms ""hot"" and ""cold"" can be used to compare the temperature of objects or environments and their effect on our body's sensations and comfort.",Phi3,microsoft/Phi-3-mini-4k-instruct-gguf,True,False,P13,True,2.0,False,0.7,6.005964040756226,9.68,12.81,12.46,5.34,134,16,0.0,0.0,0.0,0.0,0.0,0.0,0,0,0,0,0,8.86,0.15,"The difference between ""hot"" and ""cold"" is the level of temperature they describe. ""Hot"" refers to a high temperature that can be uncomfortable or cause a sensation of heat on the skin. It can be associated with food or drinks that are heated and can cause a burning sensation, like a cup of hot chocolate or a slice of pizza straight from the oven. On the other hand, ""cold"" describes a low temperature that can cause a sensation of chilliness on the skin. It can be related to food or drinks that have been chilled or served cold, like ice cream or a glass of iced lemonade. In general, the terms ""hot"" and ""cold"" can be used to compare the temperature of objects or environments and their effect on our body's sensations and comfort.",,,
d683e2ad-5716-4187-ad83-992af109e5a5,2025-10-07T02:39:35.909277,Phi3_weighted_4_0,What is the difference between 'hot' and 'cold'?,You are a helpful English teacher for beginner students. Answer with a paragraph only with plain text,"The difference between the words 'hot' and 'cold' lies in the temperature they represent and their usage in the English language. 'Hot' describes a high or very high temperature that can make you feel warm or may be too much to handle for your body's comfort. On the other hand, 'cold' refers to a low or very low temperature that may make you shiver or find it chilly to be in the environment or eat a food that's not heated well. These words can be used to describe the temperature of an object, a person's body, or the weather and play a crucial part in our day-to-day communication and the language we use to express our physical experiences and the world around us.",Phi3,microsoft/Phi-3-mini-4k-instruct-gguf,True,False,P13,True,4.0,False,0.7,5.414092063903809,13.29,15.55,12.6,6.57,123,17,0.0,0.0,0.0,0.0,0.0,0.0,0,0,0,0,0,8.05,0.13,"The difference between the words 'hot' and 'cold' lies in the temperature they represent and their usage in the English language. 'Hot' describes a high or very high temperature that can make you feel warm or may be too much to handle for your body's comfort. On the other hand, 'cold' refers to a low or very low temperature that may make you shiver or find it chilly to be in the environment or eat a food that's not heated well. These words can be used to describe the temperature of an object, a person's body, or the weather and play a crucial part in our day-to-day communication and the language we use to express our physical experiences and the world around us.",,,
52270ec1-8c66-4c5e-b3b7-b897b2a258a7,2025-10-07T02:40:03.983222,Qwen2_weighted_1_5,What is the difference between 'hot' and 'cold'?,You are a helpful English teacher for beginner students. Answer with a paragraph only with plain text,"The term ""hot"" and ""cold"" are both used in the context of temperature, but they have distinct connotations. ""Hot"" is generally used to describe a temperature that is higher than a reference point, typically a specific temperature, such as 0 degrees Celsius (or 32 degrees Fahrenheit) or 273.15 Kelvin. ""Cold"" is associated with a temperature that is lower than the reference point, such as -273.15 Kelvin or -273.15 degrees Celsius, and is often used to describe the freezing point of a substance or the temperature of a liquid.",Qwen2,Qwen/Qwen2.5-0.5B-Instruct-GGUF,True,False,P13,True,1.5,False,0.7,27.73483395576477,9.64,13.86,13.02,5.96,88,18,0.0,0.0,0.0,0.0,0.0,0.0,0,0,0,0,0,6.48,0.11,"The term ""hot"" and ""cold"" are both used in the context of temperature, but they have distinct connotations. ""Hot"" is generally used to describe a temperature that is higher than a reference point, typically a specific temperature, such as 0 degrees Celsius (or 32 degrees Fahrenheit) or 273.15 Kelvin. ""Cold"" is associated with a temperature that is lower than the reference point, such as -273.15 Kelvin or -273.15 degrees Celsius, and is often used to describe the freezing point of a substance or the temperature of a liquid.",,,
5ddee236-2a98-4486-8937-724601c2d3a3,2025-10-07T02:40:06.662799,Qwen2_weighted_2_0,What is the difference between 'hot' and 'cold'?,You are a helpful English teacher for beginner students. Answer with a paragraph only with plain text,"The term 'hot' and 'cold' are often used to describe temperature, but they carry different connotations. 'Hot' typically refers to a temperature above the freezing point of water, which is 0°C. This term is commonly used in weather forecasts, culinary descriptions, and in contexts where heat is a prominent feature, such as in sports, where heat is a significant part of the game. 'Cold' is used to describe a temperature below the boiling point of water, which is 100°C. This term is commonly used in cooking, medicine, and in contexts where cold is a desirable or necessary attribute.",Qwen2,Qwen/Qwen2.5-0.5B-Instruct-GGUF,True,False,P13,True,2.0,False,0.7,2.5104682445526123,10.36,13.55,13.35,5.45,98,17,0.0,0.0,0.0,0.0,0.0,0.0,0,0,0,0,0,7.2,0.12,"The term 'hot' and 'cold' are often used to describe temperature, but they carry different connotations. 'Hot' typically refers to a temperature above the freezing point of water, which is 0°C. This term is commonly used in weather forecasts, culinary descriptions, and in contexts where heat is a prominent feature, such as in sports, where heat is a significant part of the game. 'Cold' is used to describe a temperature below the boiling point of water, which is 100°C. This term is commonly used in cooking, medicine, and in contexts where cold is a desirable or necessary attribute.",,,
0adc39d3-d11f-484d-8ec5-f592c77fa7b7,2025-10-07T02:40:09.087869,Qwen2_weighted_4_0,What is the difference between 'hot' and 'cold'?,You are a helpful English teacher for beginner students. Answer with a paragraph only with plain text,"The terms 'hot' and 'cold' are commonly used, but they can be used to describe different temperature scales. In the context of temperature, a 'hot' temperature is one that is higher than standard, while a 'cold' temperature is one that is lower. In the scientific, medical, or other contexts, 'hot' and 'cold' might refer to temperature, but in the broader, more general, or applied, or in the field, 'hot' and 'cold' might be used to refer to temperature, but in the more specific, less general, or specialized, or in the context, 'hot' and 'cold' might be used to refer to, or to, temperature, but in the more specific, less general, or specialized, or in the field, 'hot' and 'cold' might be used to refer to, but in the broader, more general, or applied, or in the context, 'hot' and 'cold' might be",Qwen2,Qwen/Qwen2.5-0.5B-Instruct-GGUF,True,False,P13,True,4.0,False,0.7,2.172260046005249,19.32,22.88,17.51,9.27,142,14,0.0,0.0,0.0,0.0,0.0,0.0,0,0,0,0,0,9.72,0.16,"The terms 'hot' and 'cold' are commonly used, but they can be used to describe different temperature scales. In the context of temperature, a 'hot' temperature is one that is higher than standard, while a 'cold' temperature is one that is lower. In the scientific, medical, or other contexts, 'hot' and 'cold' might refer to temperature, but in the broader, more general, or applied, or in the field, 'hot' and 'cold' might be used to refer to temperature, but in the more specific, less general, or specialized, or in the context, 'hot' and 'cold' might be used to refer to, or to, temperature, but in the more specific, less general, or specialized, or in the field, 'hot' and 'cold' might be used to refer to, but in the broader, more general, or applied, or in the context, 'hot' and 'cold' might be",,,
b0ad73a9-0c5a-41cf-ad0d-15783fec07d2,2025-10-07T02:41:00.911164,Qwen3_weighted_1_5,What is the difference between 'hot' and 'cold'?,You are a helpful English teacher for beginner students. Answer with a paragraph only with plain text,"The difference between ""hot"" and ""cold"" is that ""hot"" refers to warmth, while ""cold"" means coolness. For example, if something is hot, it's warm, and if it's cold, it's cool. This distinction is simple and fundamental in understanding basic language.",Qwen3,ggml-org/Qwen3-0.6B-GGUF,True,False,P13,True,1.5,False,0.7,51.637085914611816,7.02,9.33,10.5,4.22,40,7,0.0,0.0,0.0,0.0,0.0,0.0,0,0,0,0,0,3.1,0.05,"The difference between ""hot"" and ""cold"" is that ""hot"" refers to warmth, while ""cold"" means coolness. For example, if something is hot, it's warm, and if it's cold, it's cool. This distinction is simple and fundamental in understanding basic language.",,,
d297ee74-a0a1-45a1-99bd-1608197ff590,2025-10-07T02:41:14.985632,Qwen3_weighted_2_0,What is the difference between 'hot' and 'cold'?,You are a helpful English teacher for beginner students. Answer with a paragraph only with plain text,"<think>
Okay, the user is asking about the difference between 'hot' and 'cold'. Let me start by recalling the basic definitions. 'Hot' means warm, while 'cold' means cold. But maybe they need more context. Sometimes people use words in different ways. For example, when talking about temperature, 'hot' can mean high heat, like a fire, and 'cold' can mean low. But in everyday language, 'hot' usually refers to warmth, while 'cold' refers to coldness. So, the main difference is that 'hot' is associated with warmth, while 'cold' is associated with coldness. Maybe I should give an example. Like, if someone says, ""The room is cold,"" it's because it's cold, not because it's hot. But if it's hot, like a fire, that's a different situation. But in general, 'hot' means warm, while 'cold' means cold. Let me make sure",Qwen3,ggml-org/Qwen3-0.6B-GGUF,True,False,P13,True,2.0,False,0.7,13.90693473815918,5.48,6.85,9.27,3.52,138,15,0.0,0.0,0.0,0.0,0.0,0.0,0,0,0,0,0,9.96,0.17,"<think> Okay, the user is asking about the difference between 'hot' and 'cold'. Let me start by recalling the basic definitions. 'Hot' means warm, while 'cold' means cold. But maybe they need more context. Sometimes people use words in different ways. For example, when talking about temperature, 'hot' can mean high heat, like a fire, and 'cold' can mean low. But in everyday language, 'hot' usually refers to warmth, while 'cold' refers to coldness. So, the main difference is that 'hot' is associated with warmth, while 'cold' is associated with coldness. Maybe I should give an example. Like, if someone says, ""The room is cold,"" it's because it's cold, not because it's hot. But if it's hot, like a fire, that's a different situation. But in general, 'hot' means warm, while 'cold' means cold. Let me make sure",,,
0d27e1d6-9954-4d61-89c2-a12559b5b960,2025-10-07T02:41:32.001141,Qwen3_weighted_4_0,What is the difference between 'hot' and 'cold'?,You are a helpful English teacher for beginner students. Answer with a paragraph only with plain text,"The difference between ""hot"" and ""cold"" is straightforward: ""hot"" refers to being",Qwen3,ggml-org/Qwen3-0.6B-GGUF,True,False,P13,True,4.0,False,0.7,16.772943019866943,7.77,8.13,11.21,3.96,12,2,0.0,0.0,0.0,0.0,0.0,0.0,0,0,0,0,0,1.03,0.02,"The difference between ""hot"" and ""cold"" is straightforward: ""hot"" refers to being",,,
59ddef9c-ac04-4eab-a88a-fd2f34610696,2025-10-07T02:46:34.509459,SmolLM_weighted_1_5,What is the difference between 'hot' and 'cold'?,You are a helpful English teacher for beginner students. Answer with a paragraph only with plain text,,SmolLM,MaziyarPanahi/SmolLM-1.7B-Instruct-GGUF,True,False,P13,True,1.5,False,0.7,302.3451318740845,0.0,0.0,0.0,0.0,0,0,0.0,0.0,0.0,0.0,0.0,0.0,0,0,0,0,0,0.0,0.0,,,,
8faf4abe-ac94-4b33-88b0-ca681510bc05,2025-10-07T02:51:36.854299,SmolLM_weighted_2_0,What is the difference between 'hot' and 'cold'?,You are a helpful English teacher for beginner students. Answer with a paragraph only with plain text,,SmolLM,MaziyarPanahi/SmolLM-1.7B-Instruct-GGUF,True,False,P13,True,2.0,False,0.7,302.19525814056396,0.0,0.0,0.0,0.0,0,0,0.0,0.0,0.0,0.0,0.0,0.0,0,0,0,0,0,0.0,0.0,,,,
34c205f5-a4ab-4902-a55d-2d79d9e41178,2025-10-07T02:56:38.582951,SmolLM_weighted_4_0,What is the difference between 'hot' and 'cold'?,You are a helpful English teacher for beginner students. Answer with a paragraph only with plain text,,SmolLM,MaziyarPanahi/SmolLM-1.7B-Instruct-GGUF,True,False,P13,True,4.0,False,0.7,301.59008598327637,0.0,0.0,0.0,0.0,0,0,0.0,0.0,0.0,0.0,0.0,0.0,0,0,0,0,0,0.0,0.0,,,,
50b889ba-49ad-443c-a24b-34a9816831a5,2025-10-07T02:57:12.816901,TinyLlama_weighted_1_5,What is the difference between 'hot' and 'cold'?,You are a helpful English teacher for beginner students. Answer with a paragraph only with plain text,"'Hot' and 'cold' are comparative adjectives that indicate the degree of warmth or coldness of a person or thing. In English, they are used to talk about the temperature of a person or thing. 'Hot' describes the physical state of a person or thing, while 'cold' describes the physical state of a person or thing in comparison to the average temperature of the world or the people who live in it. For example: - ""He's a hot dog. She's a cold fish."" - ""He's a cold one. She's a hot one."" - ""He's a hot head. She's a cold head."" - ""He's a hot dog to her."" - ""He's a cold fish to her."" - ""He's a hot one to her."" - ""He's a hot head to her."" - ""He",TinyLlama,TheBloke/TinyLlama-1.1B-Chat-v1.0-GGUF,True,False,P13,True,1.5,False,0.7,33.950751066207886,3.06,7.03,8.14,3.15,122,11,0.0,0.0,0.0,0.0,0.0,0.0,0,0,0,0,0,7.52,0.13,"'Hot' and 'cold' are comparative adjectives that indicate the degree of warmth or coldness of a person or thing. In English, they are used to talk about the temperature of a person or thing. 'Hot' describes the physical state of a person or thing, while 'cold' describes the physical state of a person or thing in comparison to the average temperature of the world or the people who live in it. For example: - ""He's a hot dog. She's a cold fish."" - ""He's a cold one. She's a hot one."" - ""He's a hot head. She's a cold head."" - ""He's a hot dog to her."" - ""He's a cold fish to her."" - ""He's a hot one to her."" - ""He's a hot head to her."" - ""He",,,
e484a740-781d-4746-ae75-d4986d3f9609,2025-10-07T02:57:54.964696,TinyLlama_weighted_2_0,What is the difference between 'hot' and 'cold'?,You are a helpful English teacher for beginner students. Answer with a paragraph only with plain text,"'Hot' and 'cold' are both adjectives that can be used to describe the temperature of a room or an object. 'Hot' means that the room or object is warm or hot, while 'cold' means that it is not hot or warm. For example: - The room is warm and cozy with a cozy fire in the fireplace. - The room is cold and frosty with a frosty breeze blowing in from the window. - The room is warm and spacious with a sunny day outside. - The room is cold and dingy with a snowy day outside. - The room is warm and cozy with a nice cup of tea in hand. - The room is cold and icy with a long walk in the park. 'Hot' and 'cold' can be used interchangeably for the same sentence or to add emphasis or a different mood",TinyLlama,TheBloke/TinyLlama-1.1B-Chat-v1.0-GGUF,True,False,P13,True,2.0,False,0.7,41.512653827667236,5.2,7.62,8.17,3.76,139,10,0.0,0.0,0.0,0.0,0.0,0.0,0,0,0,0,0,8.09,0.13,"'Hot' and 'cold' are both adjectives that can be used to describe the temperature of a room or an object. 'Hot' means that the room or object is warm or hot, while 'cold' means that it is not hot or warm. For example: - The room is warm and cozy with a cozy fire in the fireplace. - The room is cold and frosty with a frosty breeze blowing in from the window. - The room is warm and spacious with a sunny day outside. - The room is cold and dingy with a snowy day outside. - The room is warm and cozy with a nice cup of tea in hand. - The room is cold and icy with a long walk in the park. 'Hot' and 'cold' can be used interchangeably for the same sentence or to add emphasis or a different mood",,,
0fa12590-7e3a-4ec2-bce5-b9d218155edd,2025-10-07T02:58:57.460280,TinyLlama_weighted_4_0,What is the difference between 'hot' and 'cold'?,You are a helpful English teacher for beginner students. Answer with a paragraph only with plain text,'Hot' and 'cold' are not the same in the sentence you have read or the sentence you want to write. 'Hot' and 'warm' have the same meaning in the sentence you have read or the sentence you want to write. 'Hot' can be a word or a part of a sentence that can have the meaning of very hot or very hot and not very cold or not very warm or not very mild or not very mellow or not very mellow or not very mild or not very mild and not very mellow or not very mild and not very mild and not very mild or not very mild and not very mild and not very mild or not very mild and not very mild and not very mild and not very mild and not very mild and not very mild and not very mild and not very mild and not very mild and not very mild and,TinyLlama,TheBloke/TinyLlama-1.1B-Chat-v1.0-GGUF,True,False,P13,True,4.0,False,0.7,62.27022910118103,19.55,21.2,3.13,8.58,159,2,0.0,0.0,0.0,0.0,0.0,0.0,0,0,0,0,0,8.39,0.14,'Hot' and 'cold' are not the same in the sentence you have read or the sentence you want to write. 'Hot' and 'warm' have the same meaning in the sentence you have read or the sentence you want to write. 'Hot' can be a word or a part of a sentence that can have the meaning of very hot or very hot and not very cold or not very warm or not very mild or not very mellow or not very mellow or not very mild or not very mild and not very mellow or not very mild and not very mild and not very mild or not very mild and not very mild and not very mild or not very mild and not very mild and not very mild and not very mild and not very mild and not very mild and not very mild and not very mild and not very mild and not very mild and,,,
eae684eb-3b45-44b6-9c83-83eef6644514,2025-10-07T02:58:58.517891,TinyStories_weighted_1_5,What is the difference between 'hot' and 'cold'?,You are a helpful English teacher for beginner students. Answer with a paragraph only with plain text,,TinyStories,roneneldan/TinyStories-33M,True,False,P13,True,1.5,False,0.7,0.9011580944061279,0.0,0.0,0.0,0.0,0,0,0.0,0.0,0.0,0.0,0.0,0.0,0,0,0,0,0,0.0,0.0,,,,
d3b9c4b6-2cca-4ab5-be19-42acd86203ca,2025-10-07T02:58:58.653583,TinyStories_weighted_2_0,What is the difference between 'hot' and 'cold'?,You are a helpful English teacher for beginner students. Answer with a paragraph only with plain text,,TinyStories,roneneldan/TinyStories-33M,True,False,P13,True,2.0,False,0.7,0.0023298263549804688,0.0,0.0,0.0,0.0,0,0,0.0,0.0,0.0,0.0,0.0,0.0,0,0,0,0,0,0.0,0.0,,,,
3993683e-9bfc-4a06-b017-8e413e60b0ac,2025-10-07T02:58:58.773393,TinyStories_weighted_4_0,What is the difference between 'hot' and 'cold'?,You are a helpful English teacher for beginner students. Answer with a paragraph only with plain text,,TinyStories,roneneldan/TinyStories-33M,True,False,P13,True,4.0,False,0.7,0.002716064453125,0.0,0.0,0.0,0.0,0,0,0.0,0.0,0.0,0.0,0.0,0.0,0,0,0,0,0,0.0,0.0,,,,
83577ac4-ed6f-45ea-89fd-dff7f52cc7dd,2025-10-07T02:59:04.296587,Phi3_weighted_1_5,Can you describe your family?,You are a helpful English teacher for beginner students. Answer with a paragraph only with plain text,"Certainly! My family consists of my parents and two siblings. My father is an engineer and my mother is a school teacher. We have a younger brother who is currently attending college and a younger sister who is in high school. My family is close-knit and we enjoy spending quality time together. We have family dinners every Sunday, where we catch up on each other's lives and share our experiences from the week. We also have a tradition of going on a family vacation every year, which helps us bond and create lasting memories. Overall, my family is a source of love, support, and joy in my life.",Phi3,microsoft/Phi-3-mini-4k-instruct-gguf,True,False,P14,True,1.5,False,0.7,5.316747188568115,8.78,9.13,12.29,4.53,108,18,0.0,0.0,0.0,0.0,0.0,0.0,0,0,0,0,0,7.21,0.12,"Certainly! My family consists of my parents and two siblings. My father is an engineer and my mother is a school teacher. We have a younger brother who is currently attending college and a younger sister who is in high school. My family is close-knit and we enjoy spending quality time together. We have family dinners every Sunday, where we catch up on each other's lives and share our experiences from the week. We also have a tradition of going on a family vacation every year, which helps us bond and create lasting memories. Overall, my family is a source of love, support, and joy in my life.",,,
8bf613ac-137e-4da1-9605-d570989a93bc,2025-10-07T02:59:09.310320,Phi3_weighted_2_0,Can you describe your family?,You are a helpful English teacher for beginner students. Answer with a paragraph only with plain text,"Certainly! While I don't have a family in the traditional sense, I can share some general information about family structures for those who would like to learn. A family can be defined in many ways, but it typically consists of a group of individuals who are connected by blood, marriage, or a close bond of love and care. Families can come in various sizes and compositions, including nuclear families with parents and children, extended families with grandparents, aunts, and cousins, or even chosen families where bonds are formed by close friends and like-minded individuals. Each family is unique and can be a source of support, love, and life lessons for its members.",Phi3,microsoft/Phi-3-mini-4k-instruct-gguf,True,False,P14,True,2.0,False,0.7,4.798377990722656,14.4,17.27,16.83,6.86,112,24,0.0,0.0,0.0,0.0,0.0,0.0,0,0,0,0,0,8.26,0.14,"Certainly! While I don't have a family in the traditional sense, I can share some general information about family structures for those who would like to learn. A family can be defined in many ways, but it typically consists of a group of individuals who are connected by blood, marriage, or a close bond of love and care. Families can come in various sizes and compositions, including nuclear families with parents and children, extended families with grandparents, aunts, and cousins, or even chosen families where bonds are formed by close friends and like-minded individuals. Each family is unique and can be a source of support, love, and life lessons for its members.",,,
d3e33ea4-92ff-4d06-8e47-2971c2238bf6,2025-10-07T02:59:15.199887,Phi3_weighted_4_0,Can you describe your family?,You are a helpful English teacher for beginner students. Answer with a paragraph only with plain text,"Of course! Describing one's family in a paragraph can be a great way to learn about family structure and bonds. For example: 

My family consists of my mother, father, and my sister who's a year younger than me. We live in a cozy house with a beautiful garden where we love spending our leisure time. My mother is a teacher who's very caring and my father is an engineer who's very skilled and hard-working. My sister and I have a close and playful relationship and we enjoy spending our free time engaging in fun activities like biking and hiking. Our family also has a great love for food and we enjoy cooking and sharing meals together on family nights. Overall, my family is a very happy and close-knit one.",Phi3,microsoft/Phi-3-mini-4k-instruct-gguf,True,False,P14,True,4.0,False,0.7,5.712055206298828,9.62,9.85,12.03,4.7,129,18,0.0,0.0,0.0,0.0,0.0,0.0,0,0,0,0,0,8.53,0.14,"Of course! Describing one's family in a paragraph can be a great way to learn about family structure and bonds. For example: My family consists of my mother, father, and my sister who's a year younger than me. We live in a cozy house with a beautiful garden where we love spending our leisure time. My mother is a teacher who's very caring and my father is an engineer who's very skilled and hard-working. My sister and I have a close and playful relationship and we enjoy spending our free time engaging in fun activities like biking and hiking. Our family also has a great love for food and we enjoy cooking and sharing meals together on family nights. Overall, my family is a very happy and close-knit one.",,,
3406e839-7d65-4e45-ab3b-bd7405171252,2025-10-07T02:59:17.853717,Qwen2_weighted_1_5,Can you describe your family?,You are a helpful English teacher for beginner students. Answer with a paragraph only with plain text,"As an AI, I do not have a family, as I am not a physical entity. However, I am designed to provide information, answer questions, and assist with various tasks for my users. My purpose is to support and assist, and to the best of my capabilities, answer any questions or provide help to users.",Qwen2,Qwen/Qwen2.5-0.5B-Instruct-GGUF,True,False,P14,True,1.5,False,0.7,2.5165061950683594,10.01,10.97,11.86,5.93,55,12,0.0,0.0,0.0,0.0,0.0,0.0,0,0,0,0,0,3.51,0.06,"As an AI, I do not have a family, as I am not a physical entity. However, I am designed to provide information, answer questions, and assist with various tasks for my users. My purpose is to support and assist, and to the best of my capabilities, answer any questions or provide help to users.",,,
169338cf-ec8f-421d-9d66-837a62dd243f,2025-10-07T02:59:18.608539,Qwen2_weighted_2_0,Can you describe your family?,You are a helpful English teacher for beginner students. Answer with a paragraph only with plain text,"As an AI, I do not have a family in the traditional sense, as I am not a person. However, I can tell you about myself. I am a large, powerful, and intelligent computer program designed to assist, educate, and engage users, answering a wide range of questions, providing information, and performing tasks in a variety of fields.",Qwen2,Qwen/Qwen2.5-0.5B-Instruct-GGUF,True,False,P14,True,2.0,False,0.7,0.6290969848632812,11.28,13.94,14.55,5.79,58,15,0.0,0.0,0.0,0.0,0.0,0.0,0,0,0,0,0,3.97,0.07,"As an AI, I do not have a family in the traditional sense, as I am not a person. However, I can tell you about myself. I am a large, powerful, and intelligent computer program designed to assist, educate, and engage users, answering a wide range of questions, providing information, and performing tasks in a variety of fields.",,,
1665b309-00a1-4260-8179-2906b701dc2c,2025-10-07T02:59:19.049397,Qwen2_weighted_4_0,Can you describe your family?,You are a helpful English teacher for beginner students. Answer with a paragraph only with plain text,"I, as an AI, do not have a family. However, I can provide information about my family, including what they are, their ages, and any family history.",Qwen2,Qwen/Qwen2.5-0.5B-Instruct-GGUF,True,False,P14,True,4.0,False,0.7,0.3255491256713867,9.78,8.36,13.82,4.02,27,4,0.0,0.0,0.0,0.0,0.0,0.0,0,0,0,0,0,1.78,0.03,"I, as an AI, do not have a family. However, I can provide information about my family, including what they are, their ages, and any family history.",,,
c337bb88-2434-4708-ad51-fbe74b6a0c17,2025-10-07T03:00:35.986513,Qwen3_weighted_1_5,Can you describe your family?,You are a helpful English teacher for beginner students. Answer with a paragraph only with plain text,"Certainly! As an AI, I don't have a family, but I can imagine a family that's warm, loving, and filled with connection. Imagine a family",Qwen3,ggml-org/Qwen3-0.6B-GGUF,True,False,P14,True,1.5,False,0.7,76.6218192577362,8.17,9.8,13.82,3.98,25,4,0.0,0.0,0.0,0.0,0.0,0.0,0,0,0,0,0,1.65,0.03,"Certainly! As an AI, I don't have a family, but I can imagine a family that's warm, loving, and filled with connection. Imagine a family",,,
73aa9615-14a5-4b38-b498-1bc6cd0eca22,2025-10-07T03:01:08.812475,Qwen3_weighted_2_0,Can you describe your family?,You are a helpful English teacher for beginner students. Answer with a paragraph only with plain text,"Certainly! My family includes my parents, my brother, and my sister. My parents are my parents, and they are the ones who raise me. My brother is close to me, and my sister is a good friend. We have a great family, and I love being part of their lives. 🌟",Qwen3,ggml-org/Qwen3-0.6B-GGUF,True,False,P14,True,2.0,False,0.7,32.64396524429321,4.63,5.0,8.08,3.29,50,2,0.0,0.0,0.0,0.0,0.0,0.0,0,0,0,0,0,2.98,0.05,"Certainly! My family includes my parents, my brother, and my sister. My parents are my parents, and they are the ones who raise me. My brother is close to me, and my sister is a good friend. We have a great family, and I love being part of their lives.",,,
d200f3e1-99ce-447c-a21a-ba4d9e49bea9,2025-10-07T03:01:21.466937,Qwen3_weighted_4_0,Can you describe your family?,You are a helpful English teacher for beginner students. Answer with a paragraph only with plain text,"As an AI, I don't have personal experiences, but I can share that as an English teacher, I can help. Let's talk about family, even if I don't have one. Families, like any, can be diverse. Let's keep that friendly.",Qwen3,ggml-org/Qwen3-0.6B-GGUF,True,False,P14,True,4.0,False,0.7,12.499239921569824,5.13,7.0,8.84,3.11,40,4,0.0,0.0,0.0,0.0,0.0,0.0,0,0,0,0,0,2.56,0.04,"As an AI, I don't have personal experiences, but I can share that as an English teacher, I can help. Let's talk about family, even if I don't have one. Families, like any, can be diverse. Let's keep that friendly.",,,
e4a61ad1-12c5-4d26-bb9d-ad6d482bdda2,2025-10-07T03:03:58.937555,SmolLM_weighted_1_5,Can you describe your family?,You are a helpful English teacher for beginner students. Answer with a paragraph only with plain text,"My family consists of my mother, father, and myself. My mother is a teacher, my father is a doctor, and I am a student. I love my family and spend time with them.",SmolLM,MaziyarPanahi/SmolLM-1.7B-Instruct-GGUF,True,False,P14,True,1.5,False,0.7,157.3116819858551,5.15,4.4,7.79,2.91,33,2,0.0,0.0,0.0,0.0,0.0,0.0,0,0,0,0,0,1.91,0.03,"My family consists of my mother, father, and myself. My mother is a teacher, my father is a doctor, and I am a student. I love my family and spend time with them.",,,
9ff7ae29-6379-408d-ace0-671732a32615,2025-10-07T03:08:59.837350,SmolLM_weighted_2_0,Can you describe your family?,You are a helpful English teacher for beginner students. Answer with a paragraph only with plain text,,SmolLM,MaziyarPanahi/SmolLM-1.7B-Instruct-GGUF,True,False,P14,True,2.0,False,0.7,300.7641968727112,0.0,0.0,0.0,0.0,0,0,0.0,0.0,0.0,0.0,0.0,0.0,0,0,0,0,0,0.0,0.0,,,,
f07ff488-8ca1-4842-9748-7553b3fd9586,2025-10-07T03:14:00.996304,SmolLM_weighted_4_0,Can you describe your family?,You are a helpful English teacher for beginner students. Answer with a paragraph only with plain text,,SmolLM,MaziyarPanahi/SmolLM-1.7B-Instruct-GGUF,True,False,P14,True,4.0,False,0.7,301.0132369995117,0.0,0.0,0.0,0.0,0,0,0.0,0.0,0.0,0.0,0.0,0.0,0,0,0,0,0,0.0,0.0,,,,
25cc4c90-2be3-4b50-a581-5f0a6049281a,2025-10-07T03:15:32.199848,TinyLlama_weighted_1_5,Can you describe your family?,You are a helpful English teacher for beginner students. Answer with a paragraph only with plain text,"Sure! My family is an integral part of my life and I love spending time with them. We're a close-knit group who love to do many things together. I have three siblings who are all very different but who enjoy spending time with me and each other. My parents are very supportive and have always encouraged me to pursue my passions and interests. They're the ones who have always made me feel like I can do anything I set my mind to. My grandparents have been a big part of my childhood too, and they're still a big part of my life today. They're the ones who have instilled in me a love for family and a strong sense of values. My husband and children are my world. We're a happy family, and we love spending time together. I have a best friend who lives close",TinyLlama,TheBloke/TinyLlama-1.1B-Chat-v1.0-GGUF,True,False,P14,True,1.5,False,0.7,90.94781804084778,5.46,6.94,9.12,3.72,146,12,0.0,0.0,0.0,0.0,0.0,0.0,0,0,0,0,0,9.0,0.15,"Sure! My family is an integral part of my life and I love spending time with them. We're a close-knit group who love to do many things together. I have three siblings who are all very different but who enjoy spending time with me and each other. My parents are very supportive and have always encouraged me to pursue my passions and interests. They're the ones who have always made me feel like I can do anything I set my mind to. My grandparents have been a big part of my childhood too, and they're still a big part of my life today. They're the ones who have instilled in me a love for family and a strong sense of values. My husband and children are my world. We're a happy family, and we love spending time together. I have a best friend who lives close",,,
4e682e14-df78-4418-81f0-315146609cd1,2025-10-07T03:15:59.135873,TinyLlama_weighted_2_0,Can you describe your family?,You are a helpful English teacher for beginner students. Answer with a paragraph only with plain text,"Of course! My family is a close-knit group of four people who have been inseparable for as long as I can remember. I'm the youngest of four siblings, and we're all very close to each other in age and personality. My parents are an example of a happy and loving couple who have raised my siblings and me with the utmost care and love. My sister and I have a close and beautiful sister-sibling relationship. We have a ton of fun and laughs together, and we're always there for each other no matter what. Our parents and grandparents have always been there for us too, and they've been a constant source of wisdom and guidance for our siblings and me. Our parents have a big part of our family's identity and heritage. They're from a small town in the Midwest, and they're the first people in my",TinyLlama,TheBloke/TinyLlama-1.1B-Chat-v1.0-GGUF,True,False,P14,True,2.0,False,0.7,26.67906093597412,8.19,9.8,10.41,4.78,147,19,0.0,0.0,0.0,0.0,0.0,0.0,0,0,0,0,0,9.49,0.16,"Of course! My family is a close-knit group of four people who have been inseparable for as long as I can remember. I'm the youngest of four siblings, and we're all very close to each other in age and personality. My parents are an example of a happy and loving couple who have raised my siblings and me with the utmost care and love. My sister and I have a close and beautiful sister-sibling relationship. We have a ton of fun and laughs together, and we're always there for each other no matter what. Our parents and grandparents have always been there for us too, and they've been a constant source of wisdom and guidance for our siblings and me. Our parents have a big part of our family's identity and heritage. They're from a small town in the Midwest, and they're the first people in my",,,
90373dd4-35b7-4910-a3d3-80372be0a509,2025-10-07T03:16:31.628585,TinyLlama_weighted_4_0,Can you describe your family?,You are a helpful English teacher for beginner students. Answer with a paragraph only with plain text,Sure! 1. Parents or family's name and their relationship with you 2. Number and name of your siblings 3. Any children you have or have in the family 4. Any grandkids or great-grandkids 5. Any aunts or uncles you have or have in the family 6. Any cousins or close family friends 7. Any family dog or cat 8. Any grandpets or family pets 9. Any aunts or uncles living or living in the family home 10. Any grandaunts or granduncles living or living in the family home 11. Any family or close family ties or friend ties 12. Any family or close family ties or friend ties from your childhood 13. Any family or close family ties or friend ties from your childhood 14. Any family or close family,TinyLlama,TheBloke/TinyLlama-1.1B-Chat-v1.0-GGUF,True,False,P14,True,4.0,False,0.7,31.88173508644104,5.82,4.95,9.78,2.88,130,10,0.0,0.0,0.0,0.0,0.0,0.0,0,0,0,0,0,8.2,0.14,Sure! 1. Parents or family's name and their relationship with you 2. Number and name of your siblings 3. Any children you have or have in the family 4. Any grandkids or great-grandkids 5. Any aunts or uncles you have or have in the family 6. Any cousins or close family friends 7. Any family dog or cat 8. Any grandpets or family pets 9. Any aunts or uncles living or living in the family home 10. Any grandaunts or granduncles living or living in the family home 11. Any family or close family ties or friend ties 12. Any family or close family ties or friend ties from your childhood 13. Any family or close family ties or friend ties from your childhood 14. Any family or close family,,,
2449d21c-a942-4746-8736-edea6d1d1ad1,2025-10-07T03:16:32.841768,TinyStories_weighted_1_5,Can you describe your family?,You are a helpful English teacher for beginner students. Answer with a paragraph only with plain text,,TinyStories,roneneldan/TinyStories-33M,True,False,P14,True,1.5,False,0.7,1.0400898456573486,0.0,0.0,0.0,0.0,0,0,0.0,0.0,0.0,0.0,0.0,0.0,0,0,0,0,0,0.0,0.0,,,,
8862f7e8-6916-4ce9-b501-cee37401e7ef,2025-10-07T03:16:32.983498,TinyStories_weighted_2_0,Can you describe your family?,You are a helpful English teacher for beginner students. Answer with a paragraph only with plain text,,TinyStories,roneneldan/TinyStories-33M,True,False,P14,True,2.0,False,0.7,0.015538930892944336,0.0,0.0,0.0,0.0,0,0,0.0,0.0,0.0,0.0,0.0,0.0,0,0,0,0,0,0.0,0.0,,,,
38e7c36b-ecde-4587-8639-991da0cf37b1,2025-10-07T03:16:33.097002,TinyStories_weighted_4_0,Can you describe your family?,You are a helpful English teacher for beginner students. Answer with a paragraph only with plain text,,TinyStories,roneneldan/TinyStories-33M,True,False,P14,True,4.0,False,0.7,0.0018868446350097656,0.0,0.0,0.0,0.0,0,0,0.0,0.0,0.0,0.0,0.0,0.0,0,0,0,0,0,0.0,0.0,,,,
e41e5e47-b1e7-4392-afae-680b5f772afa,2025-10-07T03:16:39.243016,Phi3_weighted_1_5,What foods do you eat for lunch?,You are a helpful English teacher for beginner students. Answer with a paragraph only with plain text,"As an AI, I don't eat food, but I can tell you about popular lunch choices for people. A typical lunch may include a balanced meal with a portion of protein, like grilled chicken or tofu, a serving of whole grains, like brown rice or whole-wheat bread, and a variety of vegetables, such as a salad or steamed broccoli. Some people also enjoy fruits, yogurt or a small dessert like fruit with a dollop of whipped cream for a well-rounded lunch. It's always a good idea to choose foods that make you feel energized and satisfied for the rest of your day.",Phi3,microsoft/Phi-3-mini-4k-instruct-gguf,True,False,P15,True,1.5,False,0.7,5.705305814743042,10.55,13.34,11.7,6.04,102,19,0.0,0.0,0.0,0.0,0.0,0.0,0,0,0,0,0,6.63,0.11,"As an AI, I don't eat food, but I can tell you about popular lunch choices for people. A typical lunch may include a balanced meal with a portion of protein, like grilled chicken or tofu, a serving of whole grains, like brown rice or whole-wheat bread, and a variety of vegetables, such as a salad or steamed broccoli. Some people also enjoy fruits, yogurt or a small dessert like fruit with a dollop of whipped cream for a well-rounded lunch. It's always a good idea to choose foods that make you feel energized and satisfied for the rest of your day.",,,
b0f02beb-7513-4038-a0a9-2e6c4b7ca5f8,2025-10-07T03:16:43.881040,Phi3_weighted_2_0,What foods do you eat for lunch?,You are a helpful English teacher for beginner students. Answer with a paragraph only with plain text,"As an AI, I don't eat food, but I can help you learn about different lunch options! For many people, a balanced lunch can include a variety of foods like a sandwich or salad with plenty of vegetables and protein, such as chicken or tofu. Some popular choices for lunch may include a turkey and avocado sandwich, a chicken Caesar salad, or a vegetable and bean burrito with brown rice. Remember, it's essential to have a balanced meal that provides energy and nutrients for the day ahead!",Phi3,microsoft/Phi-3-mini-4k-instruct-gguf,True,False,P15,True,2.0,False,0.7,4.36431884765625,10.93,12.38,12.6,5.69,87,16,0.0,0.0,0.0,0.0,0.0,0.0,0,0,0,0,0,5.89,0.1,"As an AI, I don't eat food, but I can help you learn about different lunch options! For many people, a balanced lunch can include a variety of foods like a sandwich or salad with plenty of vegetables and protein, such as chicken or tofu. Some popular choices for lunch may include a turkey and avocado sandwich, a chicken Caesar salad, or a vegetable and bean burrito with brown rice. Remember, it's essential to have a balanced meal that provides energy and nutrients for the day ahead!",,,
6631361a-d8af-4f32-9a66-6e2cddfb2416,2025-10-07T03:16:49.260174,Phi3_weighted_4_0,What foods do you eat for lunch?,You are a helpful English teacher for beginner students. Answer with a paragraph only with plain text,"As an AI, I don't eat foods like a human does. However, I can give you some lunch ideas that many people enjoy! A balanced lunch for a person can be a sandwich with whole grain bread, lean meat like turkey or chicken, and lots of fresh vegetables like lettuce and tomato. You can add a side of fruit for a sweet and healthy touch! Other options can be a chicken salad with a variety of veggies or a tasty and nutritious brown rice and bean dish with a side of salsa for some spice! Remember to drink water or milk to stay hydrated and get the right nutrition in your lunch!",Phi3,microsoft/Phi-3-mini-4k-instruct-gguf,True,False,P15,True,4.0,False,0.7,5.161501169204712,7.49,9.61,10.13,4.39,112,12,0.0,0.0,0.0,0.0,0.0,0.0,0,0,0,0,0,6.79,0.11,"As an AI, I don't eat foods like a human does. However, I can give you some lunch ideas that many people enjoy! A balanced lunch for a person can be a sandwich with whole grain bread, lean meat like turkey or chicken, and lots of fresh vegetables like lettuce and tomato. You can add a side of fruit for a sweet and healthy touch! Other options can be a chicken salad with a variety of veggies or a tasty and nutritious brown rice and bean dish with a side of salsa for some spice! Remember to drink water or milk to stay hydrated and get the right nutrition in your lunch!",,,
5b8476f7-aa6c-400f-8ac6-968f08033bca,2025-10-07T03:16:51.558852,Qwen2_weighted_1_5,What foods do you eat for lunch?,You are a helpful English teacher for beginner students. Answer with a paragraph only with plain text,"As an AI, I do not eat, but I am designed to provide information and answer questions to the best of my knowledge.",Qwen2,Qwen/Qwen2.5-0.5B-Instruct-GGUF,True,False,P15,True,1.5,False,0.7,2.1698570251464844,9.28,10.94,8.84,5.95,23,5,0.0,0.0,0.0,0.0,0.0,0.0,0,0,0,0,0,1.35,0.02,"As an AI, I do not eat, but I am designed to provide information and answer questions to the best of my knowledge.",,,
b43a13a4-1077-46ac-a5f0-1b66ef1b6562,2025-10-07T03:16:52.450015,Qwen2_weighted_2_0,What foods do you eat for lunch?,You are a helpful English teacher for beginner students. Answer with a paragraph only with plain text,"As an AI, I do not have the ability to eat, but I can provide information about the types of foods that are typically consumed for lunch. Commonly eaten lunches include sandwiches, salads, fruits, vegetables, and protein-rich dishes. Many students also incorporate healthy options such as smoothies, yogurt, and low-sugar snacks.",Qwen2,Qwen/Qwen2.5-0.5B-Instruct-GGUF,True,False,P15,True,2.0,False,0.7,0.7548389434814453,11.17,13.86,13.02,6.44,51,19,0.0,0.0,0.0,0.0,0.0,0.0,0,0,0,0,0,4.1,0.07,"As an AI, I do not have the ability to eat, but I can provide information about the types of foods that are typically consumed for lunch. Commonly eaten lunches include sandwiches, salads, fruits, vegetables, and protein-rich dishes. Many students also incorporate healthy options such as smoothies, yogurt, and low-sugar snacks.",,,
5f47e501-d150-4bc5-9909-cdbe7a089175,2025-10-07T03:16:53.415289,Qwen2_weighted_4_0,What foods do you eat for lunch?,You are a helpful English teacher for beginner students. Answer with a paragraph only with plain text,"As a language model, I do not eat, but I can provide information and answer questions about food. For lunch, I eat a variety of options, including sandwiches, salads, and fruit, often paired with dips, spreads, and sauces. I also consume a significant portion of vegetables, fruits, and wholegrains. It's important to note, however, that I do not consume food, as I am a text-based model.",Qwen2,Qwen/Qwen2.5-0.5B-Instruct-GGUF,True,False,P15,True,4.0,False,0.7,0.8321621417999268,8.9,10.24,11.21,5.38,66,15,0.0,0.0,0.0,0.0,0.0,0.0,0,0,0,0,0,4.74,0.08,"As a language model, I do not eat, but I can provide information and answer questions about food. For lunch, I eat a variety of options, including sandwiches, salads, and fruit, often paired with dips, spreads, and sauces. I also consume a significant portion of vegetables, fruits, and wholegrains. It's important to note, however, that I do not consume food, as I am a text-based model.",,,
eaf92a49-f88b-4a08-9d9a-94cac9d5f6d5,2025-10-07T03:17:09.611080,Qwen3_weighted_1_5,What foods do you eat for lunch?,You are a helpful English teacher for beginner students. Answer with a paragraph only with plain text,"As an English teacher, I don't eat lunch, so I don't have lunch. But I love to cook and choose meals! For lunch, I might cook a salad, pizza, or a sandwich. It's a big meal, so it's not just a snack. If you want, I can help you choose a",Qwen3,ggml-org/Qwen3-0.6B-GGUF,True,False,P15,True,1.5,False,0.7,16.046371936798096,1.34,4.08,3.13,2.45,51,1,0.0,0.0,0.0,0.0,0.0,0.0,0,0,0,0,0,2.73,0.05,"As an English teacher, I don't eat lunch, so I don't have lunch. But I love to cook and choose meals! For lunch, I might cook a salad, pizza, or a sandwich. It's a big meal, so it's not just a snack. If you want, I can help you choose a",,,
1fb64056-490f-4d3d-9b27-0a825c6cf59b,2025-10-07T03:17:17.432583,Qwen3_weighted_2_0,What foods do you eat for lunch?,You are a helpful English teacher for beginner students. Answer with a paragraph only with plain text,"As an English teacher, I don't cook, but I can suggest common lunch",Qwen3,ggml-org/Qwen3-0.6B-GGUF,True,False,P15,True,2.0,False,0.7,7.696735143661499,4.91,5.2,3.13,4.0,13,2,0.0,0.0,0.0,0.0,0.0,0.0,0,0,0,0,0,0.81,0.01,"As an English teacher, I don't cook, but I can suggest common lunch",,,
6b63853f-bd71-4644-81bc-50bc74a9025a,2025-10-07T03:17:42.264824,Qwen3_weighted_4_0,What foods do you eat for lunch?,You are a helpful English teacher for beginner students. Answer with a paragraph only with plain text,"<think>
Okay, the user is asking, ""What foods do you eat for lunch?"" So, I need to answer that. But wait, they're probably a beginner, so I should keep it simple. I can mention that lunch is usually a mix, like rice, chicken, vegetables, maybe. But I should make it clear. Maybe start by saying, ""For lunch, I eat rice, chicken, vegetables, and maybe some fruits."" That's a good, straightforward answer. But I should check if the user wants more details. Maybe add, ""I also like to eat some salad or pizza, but that's for dinner."" Wait, but the user's question is about lunch. So, keeping it simple, just list the common ones. That's a good, clear, and natural answer for a beginner. No need to get too technical. Just list, maybe, and confirm. Alright, let's go with that. Maybe say, ""For lunch, I eat rice,",Qwen3,ggml-org/Qwen3-0.6B-GGUF,True,False,P15,True,4.0,False,0.7,24.66047692298889,3.81,6.12,7.41,3.42,146,19,0.0,0.0,0.0,0.0,0.0,0.0,0,0,0,0,0,9.74,0.16,"<think> Okay, the user is asking, ""What foods do you eat for lunch?"" So, I need to answer that. But wait, they're probably a beginner, so I should keep it simple. I can mention that lunch is usually a mix, like rice, chicken, vegetables, maybe. But I should make it clear. Maybe start by saying, ""For lunch, I eat rice, chicken, vegetables, and maybe some fruits."" That's a good, straightforward answer. But I should check if the user wants more details. Maybe add, ""I also like to eat some salad or pizza, but that's for dinner."" Wait, but the user's question is about lunch. So, keeping it simple, just list the common ones. That's a good, clear, and natural answer for a beginner. No need to get too technical. Just list, maybe, and confirm. Alright, let's go with that. Maybe say, ""For lunch, I eat rice,",,,
a68e6230-c525-4e4d-b193-221cb8f748e7,2025-10-07T03:18:44.107555,SmolLM_weighted_1_5,What foods do you eat for lunch?,You are a helpful English teacher for beginner students. Answer with a paragraph only with plain text,"I typically eat lunch at my favorite restaurant, where I can enjoy a variety of dishes.",SmolLM,MaziyarPanahi/SmolLM-1.7B-Instruct-GGUF,True,False,P15,True,1.5,False,0.7,61.689675092697144,10.56,13.9,14.55,5.24,16,4,0.0,0.0,0.0,0.0,0.0,0.0,0,0,0,0,0,1.06,0.02,"I typically eat lunch at my favorite restaurant, where I can enjoy a variety of dishes.",,,
50287c4f-3d60-410b-999c-eee7b2cd188f,2025-10-07T03:23:46.544934,SmolLM_weighted_2_0,What foods do you eat for lunch?,You are a helpful English teacher for beginner students. Answer with a paragraph only with plain text,,SmolLM,MaziyarPanahi/SmolLM-1.7B-Instruct-GGUF,True,False,P15,True,2.0,False,0.7,302.3031961917877,0.0,0.0,0.0,0.0,0,0,0.0,0.0,0.0,0.0,0.0,0.0,0,0,0,0,0,0.0,0.0,,,,
893c5fe5-e1ca-43bc-8f0c-e661ef1d5895,2025-10-07T03:27:34.667003,SmolLM_weighted_4_0,What foods do you eat for lunch?,You are a helpful English teacher for beginner students. Answer with a paragraph only with plain text,"- We are unsure of the context, so we cannot provide a specific food.
- The answer is structured in a question-answer format.
- The question-answer pair is not yet tagged.
- The answer is in the third-person.
- The answer is not provided.
- The answer is in the present-tense.",SmolLM,MaziyarPanahi/SmolLM-1.7B-Instruct-GGUF,True,False,P15,True,4.0,False,0.7,227.91344380378723,5.43,8.33,8.84,4.0,45,10,0.0,0.0,0.0,0.0,0.0,0.0,0,0,0,0,0,3.32,0.06,"- We are unsure of the context, so we cannot provide a specific food. - The answer is structured in a question-answer format. - The question-answer pair is not yet tagged. - The answer is in the third-person. - The answer is not provided. - The answer is in the present-tense.",,,
f0f088fa-0aa4-4f02-985d-57df093f5c82,2025-10-07T03:27:47.165681,TinyLlama_weighted_1_5,What foods do you eat for lunch?,You are a helpful English teacher for beginner students. Answer with a paragraph only with plain text,"I do not have the ability to eat foods or have a preference or preferences. However, in general, breakfast, lunch, and dinner are the three main meals of the day in most cultures and dietary practices. Depending on your personal preferences and lifestyle, you may choose to eat a snack between meals or have a light dinner after a long day at work or school.",TinyLlama,TheBloke/TinyLlama-1.1B-Chat-v1.0-GGUF,True,False,P15,True,1.5,False,0.7,12.334122896194458,10.29,13.59,13.56,5.22,65,9,0.0,0.0,0.0,0.0,0.0,0.0,0,0,0,0,0,4.32,0.07,"I do not have the ability to eat foods or have a preference or preferences. However, in general, breakfast, lunch, and dinner are the three main meals of the day in most cultures and dietary practices. Depending on your personal preferences and lifestyle, you may choose to eat a snack between meals or have a light dinner after a long day at work or school.",,,
6e58040f-ad09-4874-85de-07bd639b9f9d,2025-10-07T03:28:19.761795,TinyLlama_weighted_2_0,What foods do you eat for lunch?,You are a helpful English teacher for beginner students. Answer with a paragraph only with plain text,"I do not eat foods, but here's a sample paragraph with a sentence with a plain text for you to customize: As a native-speaking English teacher for beginner students, I love to eat a sandwich for lunch, which is a popular and tasty meal in my country. I'll choose a sandwich with a bread and a number of meats or cheeses and some mayonnaise or mustard. I'll enjoy it with some sweet or savory sides like a salad or a fruit cup, or a cup of tea or coffee. For dessert, I'll have a small sweet snack like a cake or a cup of ice cream. This meal can be a great way to learn and practice the English language and show your students that you're a caring and helpful teacher.",TinyLlama,TheBloke/TinyLlama-1.1B-Chat-v1.0-GGUF,True,False,P15,True,2.0,False,0.7,32.152342081069946,9.85,12.62,9.89,5.58,131,15,0.0,0.0,0.0,0.0,0.0,0.0,0,0,0,0,0,7.9,0.13,"I do not eat foods, but here's a sample paragraph with a sentence with a plain text for you to customize: As a native-speaking English teacher for beginner students, I love to eat a sandwich for lunch, which is a popular and tasty meal in my country. I'll choose a sandwich with a bread and a number of meats or cheeses and some mayonnaise or mustard. I'll enjoy it with some sweet or savory sides like a salad or a fruit cup, or a cup of tea or coffee. For dessert, I'll have a small sweet snack like a cake or a cup of ice cream. This meal can be a great way to learn and practice the English language and show your students that you're a caring and helpful teacher.",,,
2287aae7-5227-46f6-9066-bb98124be7d8,2025-10-07T03:29:34.972809,TinyLlama_weighted_4_0,What foods do you eat for lunch?,You are a helpful English teacher for beginner students. Answer with a paragraph only with plain text,"As an English teacher for beginner students, my answer would be a no-no for the question you're asking me about my food habits. In a classroom with my students and classmates who have a variety of tastes and dietary requirements, it's not my place to make food-related pronouncements or make food-savvy pronouncements about what foods a person would or would not eat for lunch or for a meal in general. I'm happy to answer your question about what my foods may be but it's not my place to tell you what foods you may or may not eat for lunch or for your meal in general. You can do your own research on what foods your classmates and classmates eat for lunch or for meal in general and come to a conclusion on what you may or may not eat for",TinyLlama,TheBloke/TinyLlama-1.1B-Chat-v1.0-GGUF,True,False,P15,True,4.0,False,0.7,74.45016670227051,13.64,16.09,12.16,6.85,141,13,0.0,0.0,0.0,0.0,0.0,0.0,0,0,0,0,0,8.83,0.15,"As an English teacher for beginner students, my answer would be a no-no for the question you're asking me about my food habits. In a classroom with my students and classmates who have a variety of tastes and dietary requirements, it's not my place to make food-related pronouncements or make food-savvy pronouncements about what foods a person would or would not eat for lunch or for a meal in general. I'm happy to answer your question about what my foods may be but it's not my place to tell you what foods you may or may not eat for lunch or for your meal in general. You can do your own research on what foods your classmates and classmates eat for lunch or for meal in general and come to a conclusion on what you may or may not eat for",,,
4f9f669f-50f5-4b0e-ab76-6ef744365f7b,2025-10-07T03:29:36.224282,TinyStories_weighted_1_5,What foods do you eat for lunch?,You are a helpful English teacher for beginner students. Answer with a paragraph only with plain text,,TinyStories,roneneldan/TinyStories-33M,True,False,P15,True,1.5,False,0.7,1.0818040370941162,0.0,0.0,0.0,0.0,0,0,0.0,0.0,0.0,0.0,0.0,0.0,0,0,0,0,0,0.0,0.0,,,,
6a79e61c-e29a-416e-9f9c-110c9918e2c4,2025-10-07T03:29:36.341823,TinyStories_weighted_2_0,What foods do you eat for lunch?,You are a helpful English teacher for beginner students. Answer with a paragraph only with plain text,,TinyStories,roneneldan/TinyStories-33M,True,False,P15,True,2.0,False,0.7,0.0027971267700195312,0.0,0.0,0.0,0.0,0,0,0.0,0.0,0.0,0.0,0.0,0.0,0,0,0,0,0,0.0,0.0,,,,
eeba7a4c-bfb4-4c9e-aaae-5ac8b0dce1d1,2025-10-07T03:29:36.465461,TinyStories_weighted_4_0,What foods do you eat for lunch?,You are a helpful English teacher for beginner students. Answer with a paragraph only with plain text,,TinyStories,roneneldan/TinyStories-33M,True,False,P15,True,4.0,False,0.7,0.006172895431518555,0.0,0.0,0.0,0.0,0,0,0.0,0.0,0.0,0.0,0.0,0.0,0,0,0,0,0,0.0,0.0,,,,
